client_id,name,area_id,area_name,lat,lng,phone,total_bookings
C0001,Patrick Kimani,A23,Spring Valley,-1.263491,36.756229,+254724699395,13
C0002,James Mohamed,A18,Muthaiga,-1.253692,36.843731,+254787639921,12
C0003,Samuel Kariuki,A14,Roysambu,-1.209563,36.883337,+254730408773,6
C0004,Daniel Langat,A27,Syokimau,-1.375166,36.889046,+254746289065,12
C0005,Rotich Njoroge,A04,Karen,-1.326896,36.715021,+254751611397,6
C0006,Amina Kimani,A16,Ruiru,-1.140704,36.955523,+254755585537,11
C0007,Amina Mutua,A17,Gigiri,-1.226427,36.812802,+254751421789,14
C0008,Susan Korir,A14,Roysambu,-1.213629,36.880363,+254715013447,17
C0009,Jane Mohamed,A08,Eastleigh,-1.281668,36.861202,+254748628462,10
C0010,Catherine Waweru,A05,Langata,-1.356264,36.74747,+254759809394,4
C0011,Adhiambo Hassan,A30,Athi River,-1.461377,36.999531,+254740958540,4
C0012,Paul Otieno,A24,Dagoretti,-1.284733,36.758086,+254730368007,18
C0013,Mercy Odhiambo,A09,Parklands,-1.261151,36.827026,+254771661396,29
C0014,Kamau Mutua,A30,Athi River,-1.458903,36.985509,+254720058427,16
C0015,James Kimani,A27,Syokimau,-1.369602,36.89257,+254750445170,18
C0016,Alice Ali,A24,Dagoretti,-1.303761,36.757864,+254764462326,8
C0017,Chebet Korir,A19,Runda,-1.221351,36.798198,+254778351116,7
C0018,George Langat,A28,Kitengela,-1.479626,36.949987,+254741706016,9
C0019,Susan Akinyi,A18,Muthaiga,-1.255769,36.832287,+254747638494,12
C0020,Otieno Mohamed,A11,Industrial Area,-1.312364,36.84747,+254739427019,3
C0021,Jane Odhiambo,A13,Kasarani,-1.234195,36.891351,+254736234004,22
C0022,Moses Wanjiru,A28,Kitengela,-1.462421,36.971485,+254714042195,15
C0023,Ochieng Cheruiyot,A08,Eastleigh,-1.274036,36.84715,+254712999948,23
C0024,Mercy Kamau,A08,Eastleigh,-1.268446,36.859863,+254753103345,26
C0025,Abdi Korir,A11,Industrial Area,-1.310076,36.858005,+254774284506,24
C0026,Catherine Cheruiyot,A23,Spring Valley,-1.268197,36.757902,+254754353640,3
C0027,Rotich Njoroge,A22,Hurlingham,-1.286438,36.801682,+254713266822,3
C0028,Peter Njoroge,A16,Ruiru,-1.14115,36.95002,+254770189379,23
C0029,Auma Odhiambo,A17,Gigiri,-1.215619,36.810058,+254756747208,25
C0030,Joseph Langat,A28,Kitengela,-1.483851,36.955822,+254798096844,13
C0031,Njoroge Langat,A04,Karen,-1.330681,36.709457,+254751634194,8
C0032,Omar Njoroge,A01,CBD,-1.285874,36.815402,+254714344827,26
C0033,Rotich Njoroge,A14,Roysambu,-1.215812,36.88135,+254792507895,13
C0034,Susan Mutua,A03,Kilimani,-1.296233,36.78016,+254714676323,13
C0035,Omondi Wanjiru,A11,Industrial Area,-1.314323,36.851664,+254714473174,5
C0036,Rotich Otieno,A13,Kasarani,-1.226354,36.900079,+254759609646,12
C0037,Faith Wairimu,A28,Kitengela,-1.466426,36.955361,+254770252675,29
C0038,Mwangi Cheruiyot,A28,Kitengela,-1.467367,36.972422,+254762044077,25
C0039,Kipchoge Wanjiru,A11,Industrial Area,-1.31709,36.852235,+254760250825,5
C0040,Halima Korir,A29,Kikuyu,-1.240763,36.66422,+254738488037,8
C0041,Mwangi Kamau,A28,Kitengela,-1.46389,36.951964,+254741792556,17
C0042,Michael Kariuki,A20,Lavington,-1.275795,36.761312,+254740324139,18
C0043,Hassan Kimani,A21,Kileleshwa,-1.267218,36.769721,+254755795265,15
C0044,Abdi Otieno,A08,Eastleigh,-1.280595,36.85551,+254744112372,4
C0045,Joseph Njeri,A14,Roysambu,-1.199811,36.881373,+254733286897,6
C0046,Joseph Langat,A23,Spring Valley,-1.267842,36.749703,+254740010357,21
C0047,Fatuma Kimani,A06,South B,-1.319876,36.813651,+254774159239,4
C0048,John Kamau,A29,Kikuyu,-1.236406,36.661128,+254738302810,26
C0049,David Kimani,A11,Industrial Area,-1.308923,36.861737,+254792886043,3
C0050,Anne Ruto,A12,Embakasi,-1.328964,36.910611,+254768932558,28
C0051,Charles Hassan,A05,Langata,-1.349647,36.744124,+254771452538,14
C0052,Ochieng Wairimu,A14,Roysambu,-1.212312,36.864461,+254759595174,27
C0053,Simon Kiptoo,A26,Rongai,-1.404721,36.752527,+254765118172,2
C0054,Samuel Abdi,A06,South B,-1.32957,36.82559,+254740511426,18
C0055,Catherine Abdi,A28,Kitengela,-1.483943,36.971996,+254768991344,26
C0056,Charles Korir,A22,Hurlingham,-1.28927,36.786475,+254777366301,25
C0057,Auma Njoroge,A30,Athi River,-1.45826,36.994492,+254738814486,14
C0058,Jane Njeri,A08,Eastleigh,-1.285345,36.848453,+254736718163,16
C0059,Jane Mutua,A09,Parklands,-1.268938,36.814627,+254732909438,21
C0060,James Langat,A22,Hurlingham,-1.295253,36.792516,+254733570673,8
C0061,Mary Wairimu,A29,Kikuyu,-1.247586,36.668725,+254741084505,1
C0062,Patrick Otieno,A18,Muthaiga,-1.2463,36.846389,+254744098115,9
C0063,Joyce Ali,A15,Githurai,-1.177365,36.907348,+254756978209,11
C0064,Kipchoge Ruto,A10,Upper Hill,-1.300002,36.81996,+254715284681,16
C0065,Thomas Langat,A23,Spring Valley,-1.264599,36.737827,+254798804071,13
C0066,Alice Waweru,A28,Kitengela,-1.483162,36.967236,+254760580825,1
C0067,Susan Ochieng,A13,Kasarani,-1.217438,36.907365,+254755690929,18
C0068,Catherine Ali,A08,Eastleigh,-1.272101,36.85771,+254766605320,18
C0069,Ochieng Kimani,A12,Embakasi,-1.310843,36.889174,+254785820949,3
C0070,Mary Mwangi,A23,Spring Valley,-1.27041,36.756248,+254760057126,22
C0071,Chebet Cheruiyot,A27,Syokimau,-1.372315,36.892815,+254790729349,10
C0072,James Ali,A09,Parklands,-1.261309,36.814805,+254772250001,3
C0073,Hassan Mukami,A28,Kitengela,-1.464887,36.967541,+254717494078,6
C0074,Adhiambo Mukami,A02,Westlands,-1.268585,36.81893,+254724845905,21
C0075,Mary Kariuki,A16,Ruiru,-1.142247,36.956583,+254764584853,9
C0076,Joyce Kariuki,A20,Lavington,-1.292151,36.777384,+254765508324,2
C0077,Moses Abdi,A21,Kileleshwa,-1.286683,36.785608,+254798932595,28
C0078,Hassan Mukami,A09,Parklands,-1.260044,36.821219,+254731609731,15
C0079,Chebet Wairimu,A25,Ngong,-1.357933,36.657991,+254780787060,16
C0080,Paul Njeri,A27,Syokimau,-1.372052,36.902656,+254766977966,27
C0081,Kipchoge Njeri,A04,Karen,-1.30782,36.70059,+254745295459,12
C0082,Alice Langat,A02,Westlands,-1.271263,36.804051,+254723309072,9
C0083,Auma Akinyi,A02,Westlands,-1.271411,36.813938,+254784207054,15
C0084,Paul Otieno,A24,Dagoretti,-1.282038,36.736382,+254795765991,2
C0085,Mary Odhiambo,A30,Athi River,-1.457421,36.983527,+254736369023,8
C0086,Mercy Kiptoo,A24,Dagoretti,-1.280435,36.740615,+254721008316,6
C0087,Paul Mohamed,A07,South C,-1.316733,36.795152,+254784893200,17
C0088,Anne Hassan,A29,Kikuyu,-1.251358,36.670042,+254737632132,5
C0089,Grace Kiptoo,A17,Gigiri,-1.224519,36.812154,+254728946041,26
C0090,Susan Kimani,A09,Parklands,-1.26933,36.823526,+254768808429,3
C0091,Faith Ochieng,A24,Dagoretti,-1.300012,36.737259,+254756526393,22
C0092,Michael Njoroge,A15,Githurai,-1.192287,36.90567,+254710139199,2
C0093,Benjamin Wairimu,A25,Ngong,-1.347699,36.670253,+254716781627,3
C0094,Hassan Cheruiyot,A24,Dagoretti,-1.30353,36.736951,+254758963602,25
C0095,Otieno Akinyi,A28,Kitengela,-1.480567,36.962359,+254779113059,13
C0096,Rose Mwangi,A03,Kilimani,-1.285007,36.779834,+254712521871,15
C0097,Mwangi Ochieng,A09,Parklands,-1.254462,36.813503,+254761494659,25
C0098,Anne Wairimu,A15,Githurai,-1.197958,36.899764,+254718842910,26
C0099,Hassan Mutua,A24,Dagoretti,-1.288135,36.752045,+254778688614,8
C0100,Catherine Njeri,A19,Runda,-1.212254,36.804398,+254741485633,16
C0101,Joseph Wairimu,A12,Embakasi,-1.320607,36.896146,+254772660601,9
C0102,Susan Mwangi,A08,Eastleigh,-1.28078,36.848361,+254713662690,5
C0103,Otieno Odhiambo,A20,Lavington,-1.272169,36.774351,+254761691192,4
C0104,Omondi Kariuki,A30,Athi River,-1.450447,37.001944,+254718805024,7
C0105,Michael Njeri,A21,Kileleshwa,-1.283186,36.768307,+254720216970,2
C0106,Jane Wanjiru,A27,Syokimau,-1.364106,36.911992,+254734258793,2
C0107,Rotich Ruto,A10,Upper Hill,-1.292346,36.804925,+254786440932,18
C0108,Paul Kamau,A04,Karen,-1.313554,36.707321,+254760506348,1
C0109,Alice Korir,A02,Westlands,-1.261315,36.81939,+254797402869,8
C0110,Joseph Kariuki,A04,Karen,-1.327152,36.701674,+254745185327,17
C0111,Mwangi Njoroge,A29,Kikuyu,-1.246085,36.669215,+254772257404,22
C0112,Jane Akinyi,A13,Kasarani,-1.213379,36.905839,+254728317630,8
C0113,Abdi Wanjiru,A22,Hurlingham,-1.296959,36.790338,+254788538537,10
C0114,Mercy Ali,A18,Muthaiga,-1.238033,36.839566,+254791776224,29
C0115,Omar Njoroge,A24,Dagoretti,-1.294094,36.748499,+254792650461,15
C0116,Mercy Njeri,A29,Kikuyu,-1.257825,36.655881,+254797904247,16
C0117,Wanjiku Abdi,A04,Karen,-1.330083,36.721055,+254778670307,4
C0118,Grace Kamau,A14,Roysambu,-1.217548,36.878268,+254785406318,3
C0119,Anne Waweru,A23,Spring Valley,-1.253993,36.753017,+254719543439,2
C0120,Diana Kariuki,A15,Githurai,-1.182596,36.903459,+254733589209,22
C0121,Anne Ochieng,A28,Kitengela,-1.466323,36.96644,+254789133790,17
C0122,Anne Mohamed,A22,Hurlingham,-1.302561,36.799935,+254727144503,28
C0123,Rotich Akinyi,A29,Kikuyu,-1.246299,36.666144,+254747138717,13
C0124,Rose Mutua,A02,Westlands,-1.257453,36.819544,+254754862503,5
C0125,Daniel Langat,A07,South C,-1.325642,36.796147,+254740404744,14
C0126,Chebet Waweru,A03,Kilimani,-1.290382,36.769278,+254753384543,12
C0127,Kipchoge Abdi,A21,Kileleshwa,-1.272809,36.782145,+254741075127,20
C0128,David Odhiambo,A01,CBD,-1.278015,36.820597,+254735692299,23
C0129,Paul Ali,A08,Eastleigh,-1.271806,36.8525,+254712262406,18
C0130,Michael Mohamed,A07,South C,-1.328071,36.789756,+254785982225,16
C0131,Auma Waweru,A07,South C,-1.309548,36.799497,+254739790165,3
C0132,Benjamin Odhiambo,A27,Syokimau,-1.368185,36.893622,+254711349470,22
C0133,George Abdi,A25,Ngong,-1.348541,36.664443,+254796472374,18
C0134,Grace Njoroge,A01,CBD,-1.287174,36.81591,+254785357508,26
C0135,Mwangi Mutua,A05,Langata,-1.33984,36.748074,+254733831440,11
C0136,Simon Ochieng,A26,Rongai,-1.409591,36.739032,+254743821854,6
C0137,John Njoroge,A22,Hurlingham,-1.301339,36.805859,+254744353019,15
C0138,Joyce Kariuki,A01,CBD,-1.289664,36.807738,+254730326876,10
C0139,Esther Mwangi,A19,Runda,-1.202722,36.8048,+254785274732,23
C0140,Thomas Kamau,A06,South B,-1.311235,36.81256,+254793113779,18
C0141,Abdi Ruto,A05,Langata,-1.334182,36.745251,+254727324456,2
C0142,Daniel Mukami,A17,Gigiri,-1.212641,36.816808,+254768389624,16
C0143,Susan Langat,A03,Kilimani,-1.290846,36.773182,+254777203735,24
C0144,Anne Hassan,A25,Ngong,-1.356434,36.651013,+254766457919,20
C0145,Joseph Langat,A19,Runda,-1.199488,36.8155,+254774466205,9
C0146,Benjamin Abdi,A17,Gigiri,-1.23352,36.818168,+254769306696,28
C0147,Omar Wairimu,A02,Westlands,-1.262822,36.811016,+254789248280,14
C0148,Alice Langat,A17,Gigiri,-1.224726,36.798467,+254732870787,3
C0149,John Kamau,A21,Kileleshwa,-1.281214,36.788179,+254742416443,5
C0150,Rose Ruto,A16,Ruiru,-1.151459,36.962367,+254799534953,7
C0151,Joseph Korir,A22,Hurlingham,-1.306383,36.79672,+254782731605,11
C0152,Diana Otieno,A23,Spring Valley,-1.260572,36.757493,+254749082068,5
C0153,Samuel Odhiambo,A29,Kikuyu,-1.238478,36.67186,+254795263987,25
C0154,George Otieno,A20,Lavington,-1.277949,36.774784,+254765479951,19
C0155,Grace Abdi,A05,Langata,-1.340628,36.735996,+254713175375,28
C0156,Auma Mohamed,A21,Kileleshwa,-1.272746,36.786855,+254722896134,11
C0157,Esther Cheruiyot,A23,Spring Valley,-1.275302,36.747834,+254738462747,15
C0158,Njoroge Kimani,A20,Lavington,-1.282612,36.768053,+254784734257,8
C0159,Kamau Abdi,A15,Githurai,-1.186539,36.897307,+254714196263,29
C0160,Joseph Wanjiru,A14,Roysambu,-1.21815,36.867572,+254794401251,9
C0161,Rotich Njeri,A04,Karen,-1.318661,36.710683,+254719816472,19
C0162,Otieno Mukami,A29,Kikuyu,-1.2376,36.657045,+254759392818,21
C0163,Isaac Ruto,A28,Kitengela,-1.485599,36.955497,+254732984376,14
C0164,Benjamin Ruto,A15,Githurai,-1.198456,36.903124,+254765367996,20
C0165,Jane Cheruiyot,A11,Industrial Area,-1.302578,36.851998,+254770919029,18
C0166,Omar Ochieng,A14,Roysambu,-1.212794,36.86089,+254775343807,3
C0167,Lydia Odhiambo,A11,Industrial Area,-1.30478,36.863493,+254743950136,1
C0168,Thomas Akinyi,A22,Hurlingham,-1.296918,36.801224,+254752807040,24
C0169,Hassan Korir,A05,Langata,-1.344115,36.750478,+254733543717,21
C0170,Samuel Otieno,A03,Kilimani,-1.283485,36.771035,+254722419230,27
C0171,Lydia Ochieng,A03,Kilimani,-1.303476,36.788169,+254741949073,3
C0172,Abdi Akinyi,A24,Dagoretti,-1.299429,36.735693,+254764179747,13
C0173,Paul Mohamed,A26,Rongai,-1.402775,36.739584,+254728014287,14
C0174,Auma Mohamed,A02,Westlands,-1.265943,36.814024,+254767353386,26
C0175,Faith Wairimu,A18,Muthaiga,-1.244738,36.826186,+254783643254,9
C0176,Mercy Akinyi,A04,Karen,-1.30978,36.70083,+254743320561,12
C0177,Chebet Ruto,A28,Kitengela,-1.46358,36.972016,+254749266168,12
C0178,Omar Kamau,A28,Kitengela,-1.470182,36.960162,+254773504567,22
C0179,Adhiambo Kimani,A10,Upper Hill,-1.309542,36.80666,+254751587922,18
C0180,Joseph Ali,A12,Embakasi,-1.326119,36.904285,+254714649135,11
C0181,Isaac Njoroge,A17,Gigiri,-1.213521,36.815262,+254757520577,15
C0182,Susan Kariuki,A22,Hurlingham,-1.291751,36.789707,+254722168837,15
C0183,Joseph Akinyi,A28,Kitengela,-1.48146,36.969861,+254760220891,24
C0184,Otieno Akinyi,A28,Kitengela,-1.464548,36.970259,+254791843845,28
C0185,Halima Mutua,A04,Karen,-1.32622,36.721064,+254791055806,17
C0186,Benjamin Ruto,A19,Runda,-1.21216,36.809049,+254741092455,10
C0187,Otieno Abdi,A28,Kitengela,-1.479275,36.954992,+254799405322,3
C0188,Hassan Njeri,A20,Lavington,-1.281182,36.781206,+254758913136,19
C0189,John Abdi,A18,Muthaiga,-1.247897,36.833486,+254731739729,14
C0190,Chebet Wanjiru,A30,Athi River,-1.462077,37.00135,+254743995880,6
C0191,John Kiptoo,A09,Parklands,-1.261001,36.82814,+254799277133,17
C0192,Fatuma Kimani,A09,Parklands,-1.25749,36.816885,+254784564489,26
C0193,Faith Akinyi,A30,Athi River,-1.449594,37.00077,+254710449456,20
C0194,Simon Njoroge,A01,CBD,-1.274988,36.829034,+254725959585,13
C0195,Chebet Cheruiyot,A19,Runda,-1.202766,36.81347,+254716049633,14
C0196,George Mukami,A03,Kilimani,-1.281853,36.777566,+254746820313,17
C0197,John Otieno,A21,Kileleshwa,-1.284257,36.773519,+254738344687,25
C0198,Njoroge Waweru,A24,Dagoretti,-1.294583,36.745058,+254760894584,8
C0199,Mercy Langat,A13,Kasarani,-1.223001,36.90584,+254745181372,26
C0200,Patrick Akinyi,A11,Industrial Area,-1.318817,36.853396,+254745041814,14
C0201,Omar Odhiambo,A10,Upper Hill,-1.295557,36.813935,+254735667730,12
C0202,Ochieng Abdi,A25,Ngong,-1.357075,36.664168,+254730389322,15
C0203,David Njoroge,A03,Kilimani,-1.292769,36.787728,+254772522423,22
C0204,Halima Abdi,A06,South B,-1.322307,36.829114,+254762456415,25
C0205,Hassan Otieno,A02,Westlands,-1.271916,36.809584,+254769866609,9
C0206,Diana Wairimu,A09,Parklands,-1.26046,36.815631,+254776808556,20
C0207,Wanjiku Abdi,A14,Roysambu,-1.216177,36.872167,+254724936286,28
C0208,Mercy Mutua,A15,Githurai,-1.190049,36.909318,+254731162952,29
C0209,Halima Hassan,A07,South C,-1.309504,36.787181,+254782100238,24
C0210,Joyce Ruto,A04,Karen,-1.330928,36.708139,+254794238603,26
C0211,Mary Wairimu,A04,Karen,-1.31517,36.711486,+254712230101,12
C0212,Auma Korir,A22,Hurlingham,-1.290805,36.800229,+254711957007,14
C0213,Chebet Kimani,A17,Gigiri,-1.21338,36.801119,+254741714092,5
C0214,Benjamin Cheruiyot,A02,Westlands,-1.260173,36.818928,+254716624483,8
C0215,David Mwangi,A20,Lavington,-1.287108,36.763248,+254712676460,25
C0216,Alice Waweru,A07,South C,-1.325066,36.795276,+254757335361,29
C0217,Paul Mutua,A25,Ngong,-1.368109,36.663556,+254756520080,15
C0218,Esther Ochieng,A10,Upper Hill,-1.290921,36.811727,+254770082403,12
C0219,Wanjiku Mukami,A01,CBD,-1.291269,36.82298,+254785863800,23
C0220,Simon Njoroge,A14,Roysambu,-1.21902,36.869343,+254756597982,26
C0221,Mwangi Wanjiru,A13,Kasarani,-1.234735,36.89367,+254727802188,17
C0222,Kamau Mohamed,A08,Eastleigh,-1.278782,36.846129,+254763405302,14
C0223,Chebet Akinyi,A27,Syokimau,-1.378043,36.901011,+254733120538,21
C0224,Rose Mukami,A03,Kilimani,-1.290293,36.770335,+254737163760,25
C0225,Lydia Mwangi,A02,Westlands,-1.271401,36.813955,+254787480553,11
C0226,Michael Odhiambo,A15,Githurai,-1.180414,36.893251,+254779698874,6
C0227,Lydia Ali,A19,Runda,-1.210371,36.79639,+254795135912,7
C0228,Amina Njeri,A13,Kasarani,-1.217424,36.906597,+254719751833,3
C0229,Mary Ochieng,A14,Roysambu,-1.20113,36.87904,+254791558885,26
C0230,John Odhiambo,A13,Kasarani,-1.218038,36.90268,+254761037834,16
C0231,Omondi Langat,A06,South B,-1.314833,36.831959,+254765190570,3
C0232,Fatuma Akinyi,A27,Syokimau,-1.374822,36.890039,+254763217186,28
C0233,Lydia Ochieng,A03,Kilimani,-1.293414,36.784308,+254714992395,25
C0234,Lydia Ali,A08,Eastleigh,-1.263016,36.843483,+254736958136,24
C0235,Njoroge Otieno,A13,Kasarani,-1.213502,36.887673,+254729742183,22
C0236,Alice Mukami,A13,Kasarani,-1.226287,36.902066,+254759924889,15
C0237,Benjamin Odhiambo,A11,Industrial Area,-1.314266,36.842845,+254752825480,4
C0238,Patrick Otieno,A25,Ngong,-1.36592,36.665507,+254729847887,11
C0239,Kipchoge Ochieng,A17,Gigiri,-1.229601,36.812205,+254731489897,20
C0240,Kamau Waweru,A17,Gigiri,-1.22186,36.818039,+254750849151,12
C0241,Joyce Akinyi,A29,Kikuyu,-1.240339,36.652003,+254751334982,22
C0242,Rotich Njoroge,A24,Dagoretti,-1.280377,36.755918,+254717355245,17
C0243,Joseph Njoroge,A08,Eastleigh,-1.271758,36.848079,+254758058092,20
C0244,Moses Kiptoo,A09,Parklands,-1.259711,36.833857,+254710865991,15
C0245,George Njeri,A20,Lavington,-1.291629,36.774201,+254764685194,4
C0246,Simon Njeri,A03,Kilimani,-1.298226,36.775991,+254761430704,22
C0247,Jane Ali,A16,Ruiru,-1.152489,36.953178,+254711968993,2
C0248,Auma Langat,A25,Ngong,-1.347442,36.666844,+254747664492,2
C0249,Ochieng Njeri,A22,Hurlingham,-1.309621,36.796608,+254756922800,9
C0250,Omondi Odhiambo,A21,Kileleshwa,-1.272479,36.778531,+254719765550,27
C0251,Kipchoge Odhiambo,A28,Kitengela,-1.479293,36.965499,+254764870897,2
C0252,Diana Otieno,A05,Langata,-1.334259,36.759138,+254793594160,22
C0253,Diana Njeri,A16,Ruiru,-1.145735,36.95448,+254784755543,24
C0254,Grace Ali,A10,Upper Hill,-1.292628,36.808527,+254787442864,14
C0255,Joyce Hassan,A02,Westlands,-1.264493,36.815434,+254778247221,20
C0256,Alice Langat,A03,Kilimani,-1.288664,36.783696,+254754484414,8
C0257,Peter Kamau,A15,Githurai,-1.190279,36.889396,+254727114979,23
C0258,Mary Otieno,A12,Embakasi,-1.321308,36.898818,+254778277456,8
C0259,Samuel Abdi,A21,Kileleshwa,-1.281774,36.782208,+254789738051,7
C0260,Kamau Cheruiyot,A20,Lavington,-1.291559,36.77832,+254774706307,11
C0261,Auma Mohamed,A15,Githurai,-1.190074,36.898652,+254738067263,24
C0262,Abdi Kamau,A26,Rongai,-1.4031,36.753793,+254734629917,28
C0263,Ochieng Njeri,A15,Githurai,-1.183339,36.89866,+254727983750,22
C0264,Esther Abdi,A07,South C,-1.31951,36.793146,+254771568397,16
C0265,Kamau Njoroge,A16,Ruiru,-1.149275,36.951702,+254747340206,13
C0266,Diana Ochieng,A02,Westlands,-1.272627,36.805451,+254768621564,17
C0267,Faith Wanjiru,A26,Rongai,-1.388463,36.736469,+254777511171,19
C0268,Kamau Njeri,A03,Kilimani,-1.293114,36.768586,+254748993264,8
C0269,Peter Kariuki,A06,South B,-1.327656,36.815103,+254720746171,8
C0270,Diana Langat,A23,Spring Valley,-1.265969,36.748297,+254758336024,1
C0271,Njoroge Abdi,A17,Gigiri,-1.230915,36.797846,+254738317146,16
C0272,Anne Akinyi,A06,South B,-1.322602,36.823062,+254739787034,7
C0273,Mary Cheruiyot,A30,Athi River,-1.466518,37.004193,+254745814084,4
C0274,Faith Wairimu,A14,Roysambu,-1.219255,36.863417,+254789529914,29
C0275,David Njeri,A20,Lavington,-1.278276,36.774547,+254758969223,29
C0276,Faith Otieno,A21,Kileleshwa,-1.284677,36.791488,+254746329471,6
C0277,Joseph Mohamed,A11,Industrial Area,-1.305546,36.849682,+254721193531,12
C0278,Catherine Kimani,A22,Hurlingham,-1.28795,36.786781,+254748477523,29
C0279,Omar Wairimu,A09,Parklands,-1.269101,36.825471,+254736935721,29
C0280,Adhiambo Njoroge,A30,Athi River,-1.465718,37.003749,+254745402204,17
C0281,Samuel Ali,A11,Industrial Area,-1.303594,36.84318,+254756507121,16
C0282,George Akinyi,A22,Hurlingham,-1.294136,36.79415,+254739722400,5
C0283,Rotich Wanjiru,A10,Upper Hill,-1.304441,36.823705,+254788963020,1
C0284,Rose Njoroge,A22,Hurlingham,-1.293287,36.807185,+254759919230,1
C0285,Amina Otieno,A20,Lavington,-1.289235,36.776079,+254764343494,2
C0286,Otieno Cheruiyot,A10,Upper Hill,-1.296145,36.819616,+254747058672,18
C0287,Faith Njoroge,A21,Kileleshwa,-1.278036,36.784835,+254756294688,18
C0288,Fatuma Mukami,A22,Hurlingham,-1.305317,36.796715,+254774625799,26
C0289,Njoroge Otieno,A22,Hurlingham,-1.294296,36.794523,+254776401341,10
C0290,Chebet Ruto,A21,Kileleshwa,-1.284739,36.773971,+254769090718,1
C0291,Anne Mwangi,A17,Gigiri,-1.211121,36.80094,+254721776180,24
C0292,Alice Kiptoo,A12,Embakasi,-1.327653,36.895106,+254776994843,13
C0293,Faith Korir,A07,South C,-1.322714,36.80236,+254711892430,28
C0294,Benjamin Njoroge,A07,South C,-1.309493,36.786886,+254718435755,23
C0295,Michael Kimani,A05,Langata,-1.353649,36.757521,+254781604539,16
C0296,Joseph Hassan,A28,Kitengela,-1.478127,36.952969,+254757196456,1
C0297,Mwangi Mukami,A25,Ngong,-1.362449,36.672136,+254723183301,24
C0298,Njoroge Kamau,A29,Kikuyu,-1.237125,36.652618,+254776890077,18
C0299,Faith Abdi,A22,Hurlingham,-1.304128,36.796231,+254740461624,10
C0300,Adhiambo Cheruiyot,A05,Langata,-1.350397,36.749372,+254799325910,6
C0301,Patrick Kiptoo,A05,Langata,-1.345941,36.751219,+254732826019,4
C0302,Fatuma Abdi,A27,Syokimau,-1.360066,36.900437,+254746041184,24
C0303,Patrick Mukami,A26,Rongai,-1.395106,36.75264,+254729615085,21
C0304,Peter Ruto,A15,Githurai,-1.178198,36.903027,+254784667497,9
C0305,Hassan Mukami,A12,Embakasi,-1.329312,36.90285,+254727329639,2
C0306,Diana Abdi,A08,Eastleigh,-1.281009,36.841057,+254796714548,16
C0307,Halima Mukami,A10,Upper Hill,-1.306452,36.81785,+254764404552,23
C0308,Diana Kariuki,A26,Rongai,-1.391075,36.743029,+254792244084,16
C0309,Charles Kimani,A18,Muthaiga,-1.246888,36.834549,+254784219401,19
C0310,Susan Waweru,A26,Rongai,-1.405758,36.759102,+254777760090,3
C0311,Hassan Ali,A12,Embakasi,-1.311799,36.902558,+254752062218,8
C0312,Jane Kimani,A15,Githurai,-1.181304,36.890328,+254745699932,23
C0313,Catherine Hassan,A25,Ngong,-1.35424,36.652858,+254739861530,3
C0314,Mercy Kiptoo,A17,Gigiri,-1.21678,36.80263,+254738570929,26
C0315,Moses Abdi,A27,Syokimau,-1.36411,36.905057,+254757549389,9
C0316,Thomas Kamau,A05,Langata,-1.340185,36.758356,+254732389329,3
C0317,Susan Akinyi,A21,Kileleshwa,-1.278972,36.773732,+254745862163,12
C0318,Joseph Wanjiru,A18,Muthaiga,-1.242584,36.834582,+254720144402,17
C0319,Njoroge Ochieng,A28,Kitengela,-1.47866,36.952591,+254745054059,8
C0320,Samuel Kiptoo,A10,Upper Hill,-1.289668,36.817658,+254767649593,11
C0321,Diana Hassan,A09,Parklands,-1.259242,36.811447,+254743525671,8
C0322,Lydia Otieno,A05,Langata,-1.351678,36.759249,+254721598028,21
C0323,Benjamin Langat,A30,Athi River,-1.452273,36.98172,+254737146619,6
C0324,Joyce Mwangi,A29,Kikuyu,-1.245147,36.659313,+254731230882,27
C0325,David Cheruiyot,A14,Roysambu,-1.203947,36.870637,+254745014198,22
C0326,Anne Kariuki,A17,Gigiri,-1.21139,36.806664,+254738315206,19
C0327,Samuel Akinyi,A13,Kasarani,-1.212752,36.892468,+254728599151,26
C0328,John Odhiambo,A08,Eastleigh,-1.284459,36.855163,+254712301400,23
C0329,Joseph Wanjiru,A30,Athi River,-1.452349,36.993493,+254751513913,18
C0330,Faith Njoroge,A21,Kileleshwa,-1.28316,36.773274,+254755390992,8
C0331,Peter Kimani,A05,Langata,-1.342853,36.746206,+254722485546,8
C0332,Susan Wanjiru,A30,Athi River,-1.445913,36.990574,+254716393340,13
C0333,Paul Wanjiru,A27,Syokimau,-1.372567,36.892667,+254722864598,22
C0334,Diana Abdi,A16,Ruiru,-1.146137,36.94959,+254757808565,28
C0335,Samuel Mwangi,A01,CBD,-1.275722,36.822565,+254718689410,26
C0336,Isaac Njoroge,A09,Parklands,-1.256437,36.818,+254710639169,18
C0337,Omar Abdi,A18,Muthaiga,-1.245789,36.829615,+254731485020,7
C0338,Lydia Ochieng,A17,Gigiri,-1.232066,36.811424,+254737226532,23
C0339,Mary Kariuki,A25,Ngong,-1.350137,36.657791,+254793690462,6
C0340,Daniel Kamau,A10,Upper Hill,-1.299413,36.816324,+254781956254,27
C0341,Mercy Njeri,A08,Eastleigh,-1.265804,36.861585,+254726019042,25
C0342,Omondi Langat,A26,Rongai,-1.38765,36.746772,+254791169224,2
C0343,Daniel Korir,A03,Kilimani,-1.302095,36.777467,+254765700157,8
C0344,Mwangi Mwangi,A20,Lavington,-1.289021,36.782777,+254729926387,6
C0345,Kamau Ali,A21,Kileleshwa,-1.263775,36.78636,+254736151650,19
C0346,Amina Njoroge,A08,Eastleigh,-1.270576,36.847555,+254773942246,19
C0347,Lydia Mwangi,A10,Upper Hill,-1.305819,36.825705,+254735322327,9
C0348,Joyce Kariuki,A20,Lavington,-1.286976,36.776968,+254763583824,20
C0349,Mercy Kiptoo,A19,Runda,-1.211469,36.810779,+254723631254,5
C0350,Chebet Otieno,A22,Hurlingham,-1.29414,36.789695,+254799784283,8
C0351,Anne Otieno,A17,Gigiri,-1.230908,36.803577,+254782223017,10
C0352,Mwangi Hassan,A17,Gigiri,-1.2239,36.80017,+254771509530,6
C0353,Kamau Mohamed,A26,Rongai,-1.397798,36.738693,+254766186812,20
C0354,Catherine Korir,A01,CBD,-1.272645,36.815443,+254731059599,27
C0355,Kipchoge Cheruiyot,A02,Westlands,-1.27324,36.796631,+254734675531,21
C0356,Thomas Mukami,A12,Embakasi,-1.313435,36.908533,+254760630932,2
C0357,Joyce Otieno,A01,CBD,-1.276654,36.814237,+254711449337,9
C0358,Charles Mukami,A12,Embakasi,-1.327547,36.912204,+254716344484,2
C0359,Kipchoge Ochieng,A22,Hurlingham,-1.290452,36.798548,+254713048339,22
C0360,Auma Mukami,A25,Ngong,-1.351319,36.670802,+254736651971,6
C0361,Faith Njoroge,A25,Ngong,-1.36838,36.664565,+254737070137,11
C0362,Joyce Mohamed,A02,Westlands,-1.272629,36.800067,+254753456300,10
C0363,Rotich Kiptoo,A11,Industrial Area,-1.318814,36.840966,+254780443870,27
C0364,Hassan Langat,A27,Syokimau,-1.37491,36.911874,+254720838448,28
C0365,Susan Njeri,A23,Spring Valley,-1.272178,36.752758,+254716990161,18
C0366,Paul Otieno,A06,South B,-1.313924,36.812209,+254715995367,6
C0367,Jane Kamau,A23,Spring Valley,-1.273761,36.750099,+254736757182,29
C0368,Moses Kamau,A10,Upper Hill,-1.294172,36.820258,+254760327446,29
C0369,Moses Kamau,A26,Rongai,-1.394528,36.736564,+254721512502,26
C0370,Alice Hassan,A11,Industrial Area,-1.311748,36.839705,+254713346335,15
C0371,Mwangi Korir,A13,Kasarani,-1.212312,36.892676,+254783362253,15
C0372,Peter Njeri,A09,Parklands,-1.274029,36.811285,+254799179547,3
C0373,Mary Akinyi,A07,South C,-1.313052,36.803938,+254722978934,5
C0374,David Njeri,A28,Kitengela,-1.47928,36.953881,+254764691169,1
C0375,Grace Ochieng,A11,Industrial Area,-1.307218,36.856398,+254729461886,19
C0376,Anne Ruto,A26,Rongai,-1.401487,36.74892,+254762097500,3
C0377,Rose Mukami,A29,Kikuyu,-1.256697,36.672563,+254758336501,23
C0378,Catherine Odhiambo,A15,Githurai,-1.177054,36.9103,+254776743684,19
C0379,Wanjiku Wanjiru,A06,South B,-1.308222,36.819901,+254717708704,1
C0380,Anne Hassan,A16,Ruiru,-1.155398,36.951828,+254798294679,3
C0381,Samuel Mukami,A09,Parklands,-1.269759,36.82673,+254797349947,23
C0382,Samuel Ruto,A14,Roysambu,-1.208135,36.863414,+254786717469,22
C0383,Simon Mohamed,A20,Lavington,-1.284585,36.760212,+254783612153,9
C0384,Esther Ochieng,A10,Upper Hill,-1.302366,36.809782,+254758527161,24
C0385,Esther Wairimu,A03,Kilimani,-1.285862,36.784793,+254726928294,5
C0386,Alice Langat,A10,Upper Hill,-1.290912,36.819452,+254751929149,6
C0387,Amina Ruto,A20,Lavington,-1.277546,36.771504,+254725125767,13
C0388,Fatuma Langat,A06,South B,-1.327809,36.822339,+254742977918,3
C0389,Diana Kamau,A12,Embakasi,-1.327758,36.891481,+254750367181,28
C0390,Joyce Abdi,A24,Dagoretti,-1.297263,36.744125,+254774559414,10
C0391,Grace Njeri,A14,Roysambu,-1.200742,36.873411,+254774191535,27
C0392,David Otieno,A26,Rongai,-1.403602,36.738356,+254789384689,17
C0393,Kipchoge Cheruiyot,A22,Hurlingham,-1.302007,36.802446,+254765116778,26
C0394,Kamau Mukami,A12,Embakasi,-1.320358,36.911613,+254756067737,17
C0395,Patrick Mwangi,A22,Hurlingham,-1.303798,36.794935,+254770729451,2
C0396,Adhiambo Wairimu,A05,Langata,-1.337904,36.738034,+254782885485,9
C0397,Diana Kamau,A26,Rongai,-1.397232,36.736631,+254710400484,3
C0398,Michael Kariuki,A05,Langata,-1.340493,36.737323,+254711298205,14
C0399,Rotich Akinyi,A25,Ngong,-1.360271,36.655674,+254754943069,6
C0400,Catherine Ali,A12,Embakasi,-1.313378,36.911137,+254739251877,5
C0401,Adhiambo Njoroge,A02,Westlands,-1.252568,36.809874,+254725596323,19
C0402,Diana Akinyi,A22,Hurlingham,-1.293262,36.800099,+254759954410,24
C0403,Diana Otieno,A12,Embakasi,-1.320097,36.901101,+254722787477,10
C0404,Paul Hassan,A19,Runda,-1.219774,36.811551,+254752706413,1
C0405,Rose Odhiambo,A12,Embakasi,-1.325085,36.890562,+254724410903,6
C0406,Grace Kariuki,A21,Kileleshwa,-1.27147,36.783183,+254722303789,13
C0407,John Mukami,A04,Karen,-1.329536,36.709101,+254751677279,11
C0408,Wanjiku Hassan,A06,South B,-1.313209,36.823797,+254759100039,15
C0409,Otieno Ochieng,A13,Kasarani,-1.223112,36.909691,+254743308414,22
C0410,Thomas Wanjiru,A09,Parklands,-1.266272,36.821401,+254721906016,1
C0411,Isaac Abdi,A15,Githurai,-1.17658,36.89596,+254750145487,8
C0412,Fatuma Korir,A10,Upper Hill,-1.286314,36.820449,+254714262739,27
C0413,Daniel Njoroge,A07,South C,-1.329888,36.797591,+254715569692,10
C0414,Michael Langat,A28,Kitengela,-1.463799,36.971686,+254716440804,16
C0415,Amina Langat,A06,South B,-1.315701,36.816905,+254759144865,15
C0416,Hassan Odhiambo,A03,Kilimani,-1.286401,36.770543,+254715757528,3
C0417,Joyce Wanjiru,A22,Hurlingham,-1.302831,36.783499,+254717700187,29
C0418,Otieno Mohamed,A03,Kilimani,-1.287116,36.787332,+254749063204,16
C0419,Alice Kiptoo,A10,Upper Hill,-1.289975,36.812956,+254764387656,3
C0420,Amina Wanjiru,A23,Spring Valley,-1.263445,36.740953,+254786389486,2
C0421,Simon Akinyi,A21,Kileleshwa,-1.280201,36.768729,+254794973107,3
C0422,Benjamin Ochieng,A17,Gigiri,-1.225999,36.804032,+254731840663,10
C0423,Paul Kariuki,A07,South C,-1.309305,36.790216,+254757220075,27
C0424,Wanjiku Mwangi,A26,Rongai,-1.402637,36.755323,+254756869354,11
C0425,Otieno Ali,A12,Embakasi,-1.329216,36.900372,+254724184136,14
C0426,Jane Mohamed,A12,Embakasi,-1.312607,36.902451,+254770469882,26
C0427,Omondi Otieno,A05,Langata,-1.347775,36.736389,+254779646477,16
C0428,Alice Cheruiyot,A03,Kilimani,-1.303171,36.775995,+254720448937,6
C0429,Omar Korir,A23,Spring Valley,-1.267048,36.749054,+254754594220,28
C0430,Mercy Ruto,A17,Gigiri,-1.218529,36.811607,+254753254822,25
C0431,Ochieng Otieno,A27,Syokimau,-1.374091,36.902344,+254738625772,26
C0432,Esther Njeri,A05,Langata,-1.349647,36.743528,+254763678921,18
C0433,Diana Langat,A03,Kilimani,-1.288562,36.771341,+254772464050,11
C0434,Njoroge Akinyi,A22,Hurlingham,-1.288875,36.784071,+254749693768,26
C0435,Otieno Njeri,A05,Langata,-1.353284,36.747774,+254786964754,22
C0436,Simon Njoroge,A19,Runda,-1.222057,36.81757,+254748190278,16
C0437,Kamau Kamau,A14,Roysambu,-1.199398,36.866782,+254750943269,5
C0438,Daniel Hassan,A27,Syokimau,-1.360263,36.901664,+254787964818,16
C0439,Alice Kiptoo,A05,Langata,-1.340754,36.748775,+254728241000,28
C0440,Esther Wanjiru,A06,South B,-1.319957,36.816344,+254795007668,26
C0441,Joyce Hassan,A08,Eastleigh,-1.270033,36.862979,+254722445829,19
C0442,Mary Otieno,A29,Kikuyu,-1.242629,36.672446,+254712550939,25
C0443,Moses Njeri,A09,Parklands,-1.275556,36.826507,+254716730337,14
C0444,Grace Njoroge,A18,Muthaiga,-1.258748,36.843226,+254768316703,13
C0445,Alice Abdi,A21,Kileleshwa,-1.265027,36.789172,+254757108145,24
C0446,Samuel Hassan,A18,Muthaiga,-1.248018,36.829241,+254783125698,26
C0447,Patrick Ali,A21,Kileleshwa,-1.284381,36.783912,+254755537794,29
C0448,George Kiptoo,A19,Runda,-1.210032,36.796905,+254722057949,14
C0449,Omondi Mukami,A22,Hurlingham,-1.30473,36.798081,+254736956123,2
C0450,Adhiambo Odhiambo,A29,Kikuyu,-1.259025,36.670607,+254780810803,9
C0451,Ochieng Kamau,A27,Syokimau,-1.374186,36.904116,+254787469091,4
C0452,John Otieno,A27,Syokimau,-1.378699,36.900988,+254746235172,20
C0453,Rotich Ali,A02,Westlands,-1.254517,36.817783,+254717772370,13
C0454,Rotich Waweru,A09,Parklands,-1.264699,36.823282,+254783945181,27
C0455,Ochieng Ruto,A25,Ngong,-1.36245,36.652023,+254798614662,5
C0456,Kipchoge Mwangi,A20,Lavington,-1.285209,36.767636,+254760574682,13
C0457,Kipchoge Mohamed,A16,Ruiru,-1.14259,36.955537,+254710637681,23
C0458,Rotich Kimani,A10,Upper Hill,-1.30933,36.811945,+254726907269,3
C0459,Charles Wairimu,A16,Ruiru,-1.14882,36.965498,+254789107197,21
C0460,Alice Langat,A13,Kasarani,-1.226926,36.906219,+254778089225,2
C0461,Fatuma Kamau,A03,Kilimani,-1.290678,36.768124,+254772269168,1
C0462,Diana Ruto,A06,South B,-1.306719,36.828675,+254713158168,9
C0463,Jane Waweru,A16,Ruiru,-1.135245,36.949691,+254794380872,3
C0464,Adhiambo Njoroge,A11,Industrial Area,-1.309673,36.858549,+254781266255,11
C0465,Amina Odhiambo,A11,Industrial Area,-1.313583,36.857632,+254710604420,3
C0466,Joyce Cheruiyot,A24,Dagoretti,-1.289227,36.74283,+254781371870,15
C0467,Halima Akinyi,A05,Langata,-1.333998,36.746141,+254737932632,15
C0468,Otieno Ochieng,A17,Gigiri,-1.221544,36.805428,+254750241299,11
C0469,Charles Langat,A11,Industrial Area,-1.310124,36.859441,+254759740440,13
C0470,Grace Langat,A04,Karen,-1.309329,36.712243,+254791814590,9
C0471,George Ochieng,A08,Eastleigh,-1.269874,36.85972,+254749793369,27
C0472,Mary Cheruiyot,A02,Westlands,-1.2588,36.813594,+254760668401,7
C0473,Omondi Ruto,A28,Kitengela,-1.468293,36.954207,+254770875439,18
C0474,Patrick Odhiambo,A08,Eastleigh,-1.272682,36.839659,+254754853708,28
C0475,Ochieng Mukami,A30,Athi River,-1.452459,36.984699,+254787036624,17
C0476,Moses Kiptoo,A11,Industrial Area,-1.303291,36.857799,+254783472135,10
C0477,Kamau Langat,A16,Ruiru,-1.136399,36.959137,+254745283821,29
C0478,Alice Korir,A16,Ruiru,-1.156885,36.964677,+254761345823,29
C0479,Samuel Cheruiyot,A01,CBD,-1.281689,36.817117,+254774635820,13
C0480,Jane Kariuki,A17,Gigiri,-1.218447,36.802274,+254782894281,16
C0481,Auma Akinyi,A07,South C,-1.313526,36.806911,+254796316599,8
C0482,David Kimani,A02,Westlands,-1.253546,36.813729,+254797413517,27
C0483,Adhiambo Njeri,A16,Ruiru,-1.152768,36.96224,+254764848642,24
C0484,Susan Kimani,A22,Hurlingham,-1.297799,36.804038,+254778883886,25
C0485,James Ochieng,A18,Muthaiga,-1.251257,36.835343,+254719869030,29
C0486,Paul Mutua,A14,Roysambu,-1.219694,36.863585,+254748909276,11
C0487,Anne Cheruiyot,A24,Dagoretti,-1.292475,36.736769,+254785385555,29
C0488,Peter Cheruiyot,A12,Embakasi,-1.320337,36.892245,+254711484213,19
C0489,Ochieng Mohamed,A02,Westlands,-1.256512,36.801079,+254773461334,21
C0490,Anne Mohamed,A07,South C,-1.326793,36.790486,+254763295924,10
C0491,Michael Cheruiyot,A10,Upper Hill,-1.297242,36.824461,+254789991593,13
C0492,Diana Mohamed,A17,Gigiri,-1.226879,36.806903,+254730272302,13
C0493,Omondi Wairimu,A09,Parklands,-1.254256,36.812647,+254753207206,8
C0494,Daniel Njoroge,A20,Lavington,-1.272372,36.773177,+254786676852,9
C0495,Rose Akinyi,A04,Karen,-1.319239,36.705719,+254740963344,2
C0496,Faith Mohamed,A26,Rongai,-1.398841,36.75782,+254781919669,15
C0497,Halima Njoroge,A12,Embakasi,-1.319356,36.905366,+254766042220,18
C0498,Adhiambo Hassan,A07,South C,-1.308792,36.787627,+254755353966,9
C0499,Kamau Kamau,A13,Kasarani,-1.215307,36.907158,+254797601380,1
C0500,Peter Njoroge,A02,Westlands,-1.255507,36.802963,+254753461704,6
