availability_id,provider_id,day_of_week,is_available,start_time,end_time,max_jobs_per_day
AV00001,P0001,Monday,True,07:00,19:00,3
AV00002,P0001,Tuesday,True,08:00,17:00,3
AV00003,P0001,Thursday,True,07:00,19:00,4
AV00004,P0001,Friday,True,08:00,18:00,4
AV00005,P0001,Sunday,True,10:00,17:00,3
AV00006,P0002,Monday,True,06:00,18:00,3
AV00007,P0002,Tuesday,True,07:00,19:00,3
AV00008,P0002,Wednesday,True,08:00,19:00,4
AV00009,P0002,Thursday,True,07:00,18:00,4
AV00010,P0002,Friday,True,08:00,19:00,2
AV00011,P0002,Sunday,True,08:00,17:00,4
AV00012,P0003,Monday,True,07:00,17:00,4
AV00013,P0003,Tuesday,True,08:00,19:00,2
AV00014,P0003,Wednesday,True,07:00,18:00,3
AV00015,P0003,Thursday,True,08:00,17:00,3
AV00016,P0003,Friday,True,08:00,18:00,4
AV00017,P0004,Monday,True,08:00,18:00,4
AV00018,P0004,Tuesday,True,07:00,18:00,2
AV00019,P0004,Wednesday,True,08:00,18:00,4
AV00020,P0004,Thursday,True,08:00,19:00,4
AV00021,P0004,Friday,True,07:00,19:00,3
AV00022,P0004,Saturday,True,08:00,16:00,4
AV00023,P0004,Sunday,True,09:00,16:00,4
AV00024,P0005,Monday,True,08:00,18:00,3
AV00025,P0005,Tuesday,True,08:00,19:00,3
AV00026,P0005,Wednesday,True,08:00,19:00,4
AV00027,P0005,Thursday,True,07:00,18:00,2
AV00028,P0005,Friday,True,07:00,19:00,2
AV00029,P0005,Saturday,True,09:00,17:00,3
AV00030,P0006,Monday,True,08:00,18:00,4
AV00031,P0006,Tuesday,True,06:00,17:00,4
AV00032,P0006,Wednesday,True,06:00,17:00,2
AV00033,P0006,Thursday,True,08:00,17:00,4
AV00034,P0006,Friday,True,06:00,18:00,3
AV00035,P0006,Sunday,True,08:00,15:00,4
AV00036,P0007,Tuesday,True,08:00,18:00,3
AV00037,P0007,Wednesday,True,07:00,18:00,3
AV00038,P0007,Thursday,True,06:00,19:00,4
AV00039,P0007,Friday,True,08:00,19:00,2
AV00040,P0007,Sunday,True,08:00,15:00,3
AV00041,P0008,Monday,True,06:00,19:00,3
AV00042,P0008,Wednesday,True,08:00,19:00,2
AV00043,P0008,Friday,True,07:00,19:00,4
AV00044,P0008,Saturday,True,08:00,17:00,3
AV00045,P0008,Sunday,True,08:00,16:00,2
AV00046,P0009,Monday,True,08:00,18:00,4
AV00047,P0009,Tuesday,True,08:00,18:00,3
AV00048,P0009,Wednesday,True,06:00,17:00,4
AV00049,P0009,Sunday,True,08:00,16:00,4
AV00050,P0010,Monday,True,06:00,18:00,3
AV00051,P0010,Wednesday,True,07:00,17:00,3
AV00052,P0010,Thursday,True,07:00,18:00,4
AV00053,P0010,Friday,True,06:00,18:00,4
AV00054,P0010,Saturday,True,08:00,15:00,4
AV00055,P0010,Sunday,True,09:00,15:00,3
AV00056,P0011,Monday,True,08:00,18:00,4
AV00057,P0011,Tuesday,True,07:00,18:00,4
AV00058,P0011,Wednesday,True,06:00,18:00,2
AV00059,P0011,Thursday,True,08:00,18:00,3
AV00060,P0011,Friday,True,07:00,19:00,4
AV00061,P0012,Monday,True,08:00,17:00,4
AV00062,P0012,Tuesday,True,08:00,18:00,2
AV00063,P0012,Thursday,True,08:00,19:00,2
AV00064,P0012,Friday,True,06:00,17:00,3
AV00065,P0012,Sunday,True,10:00,15:00,4
AV00066,P0013,Monday,True,06:00,19:00,3
AV00067,P0013,Tuesday,True,07:00,17:00,4
AV00068,P0013,Wednesday,True,08:00,17:00,4
AV00069,P0013,Thursday,True,07:00,19:00,2
AV00070,P0013,Friday,True,06:00,19:00,2
AV00071,P0013,Saturday,True,08:00,16:00,3
AV00072,P0014,Monday,True,06:00,17:00,3
AV00073,P0014,Tuesday,True,07:00,17:00,2
AV00074,P0014,Wednesday,True,08:00,19:00,3
AV00075,P0014,Thursday,True,07:00,18:00,3
AV00076,P0014,Friday,True,08:00,19:00,4
AV00077,P0014,Saturday,True,09:00,15:00,2
AV00078,P0015,Monday,True,06:00,19:00,2
AV00079,P0015,Tuesday,True,06:00,18:00,3
AV00080,P0015,Wednesday,True,08:00,18:00,4
AV00081,P0015,Thursday,True,06:00,17:00,3
AV00082,P0015,Friday,True,07:00,17:00,4
AV00083,P0015,Sunday,True,10:00,16:00,4
AV00084,P0016,Monday,True,06:00,17:00,2
AV00085,P0016,Tuesday,True,08:00,17:00,3
AV00086,P0016,Wednesday,True,08:00,17:00,2
AV00087,P0016,Thursday,True,07:00,18:00,2
AV00088,P0016,Friday,True,06:00,17:00,4
AV00089,P0016,Sunday,True,10:00,17:00,3
AV00090,P0017,Monday,True,08:00,18:00,2
AV00091,P0017,Tuesday,True,06:00,19:00,4
AV00092,P0017,Wednesday,True,07:00,18:00,2
AV00093,P0017,Thursday,True,08:00,19:00,2
AV00094,P0017,Friday,True,07:00,19:00,3
AV00095,P0017,Saturday,True,09:00,17:00,4
AV00096,P0017,Sunday,True,10:00,16:00,4
AV00097,P0018,Monday,True,06:00,18:00,3
AV00098,P0018,Tuesday,True,08:00,18:00,2
AV00099,P0018,Wednesday,True,07:00,19:00,2
AV00100,P0018,Thursday,True,06:00,19:00,3
AV00101,P0018,Saturday,True,08:00,16:00,2
AV00102,P0018,Sunday,True,09:00,17:00,2
AV00103,P0019,Tuesday,True,06:00,19:00,4
AV00104,P0019,Wednesday,True,06:00,18:00,3
AV00105,P0019,Thursday,True,08:00,17:00,2
AV00106,P0019,Friday,True,08:00,19:00,4
AV00107,P0019,Saturday,True,09:00,15:00,3
AV00108,P0019,Sunday,True,08:00,15:00,2
AV00109,P0020,Tuesday,True,07:00,17:00,4
AV00110,P0020,Wednesday,True,06:00,18:00,2
AV00111,P0020,Thursday,True,07:00,18:00,3
AV00112,P0020,Friday,True,07:00,18:00,3
AV00113,P0020,Saturday,True,09:00,16:00,2
AV00114,P0021,Monday,True,07:00,17:00,3
AV00115,P0021,Tuesday,True,06:00,19:00,2
AV00116,P0021,Wednesday,True,06:00,18:00,4
AV00117,P0021,Friday,True,07:00,18:00,2
AV00118,P0021,Saturday,True,08:00,16:00,4
AV00119,P0022,Monday,True,08:00,19:00,3
AV00120,P0022,Tuesday,True,07:00,19:00,4
AV00121,P0022,Wednesday,True,07:00,17:00,4
AV00122,P0022,Thursday,True,06:00,17:00,4
AV00123,P0022,Friday,True,06:00,19:00,4
AV00124,P0022,Sunday,True,08:00,17:00,2
AV00125,P0023,Monday,True,07:00,17:00,4
AV00126,P0023,Tuesday,True,08:00,17:00,2
AV00127,P0023,Wednesday,True,07:00,18:00,2
AV00128,P0023,Thursday,True,08:00,19:00,3
AV00129,P0023,Friday,True,06:00,17:00,4
AV00130,P0023,Saturday,True,08:00,15:00,4
AV00131,P0024,Monday,True,07:00,17:00,4
AV00132,P0024,Tuesday,True,08:00,18:00,2
AV00133,P0024,Wednesday,True,06:00,19:00,2
AV00134,P0024,Thursday,True,08:00,19:00,3
AV00135,P0024,Friday,True,07:00,18:00,2
AV00136,P0024,Saturday,True,09:00,16:00,4
AV00137,P0024,Sunday,True,10:00,15:00,3
AV00138,P0025,Monday,True,06:00,19:00,4
AV00139,P0025,Tuesday,True,06:00,18:00,3
AV00140,P0025,Wednesday,True,07:00,17:00,4
AV00141,P0025,Thursday,True,06:00,17:00,3
AV00142,P0025,Friday,True,08:00,18:00,4
AV00143,P0026,Wednesday,True,08:00,19:00,3
AV00144,P0026,Thursday,True,06:00,19:00,3
AV00145,P0026,Saturday,True,08:00,15:00,3
AV00146,P0026,Sunday,True,08:00,17:00,2
AV00147,P0027,Monday,True,08:00,18:00,2
AV00148,P0027,Tuesday,True,08:00,17:00,4
AV00149,P0027,Wednesday,True,07:00,19:00,4
AV00150,P0027,Thursday,True,08:00,17:00,4
AV00151,P0027,Friday,True,08:00,19:00,3
AV00152,P0027,Saturday,True,09:00,15:00,2
AV00153,P0027,Sunday,True,10:00,17:00,3
AV00154,P0028,Tuesday,True,08:00,18:00,3
AV00155,P0028,Wednesday,True,07:00,19:00,3
AV00156,P0028,Thursday,True,08:00,19:00,4
AV00157,P0028,Friday,True,08:00,18:00,2
AV00158,P0028,Sunday,True,08:00,16:00,4
AV00159,P0029,Monday,True,06:00,19:00,3
AV00160,P0029,Tuesday,True,06:00,17:00,2
AV00161,P0029,Thursday,True,07:00,17:00,2
AV00162,P0029,Friday,True,07:00,18:00,4
AV00163,P0029,Saturday,True,09:00,15:00,2
AV00164,P0029,Sunday,True,10:00,15:00,4
AV00165,P0030,Monday,True,07:00,18:00,2
AV00166,P0030,Tuesday,True,07:00,17:00,4
AV00167,P0030,Saturday,True,08:00,17:00,3
AV00168,P0030,Sunday,True,09:00,16:00,3
AV00169,P0031,Monday,True,06:00,17:00,3
AV00170,P0031,Tuesday,True,07:00,18:00,2
AV00171,P0031,Wednesday,True,06:00,19:00,4
AV00172,P0031,Thursday,True,08:00,17:00,3
AV00173,P0031,Friday,True,07:00,17:00,3
AV00174,P0031,Saturday,True,10:00,16:00,3
AV00175,P0031,Sunday,True,09:00,17:00,4
AV00176,P0032,Monday,True,07:00,19:00,4
AV00177,P0032,Tuesday,True,07:00,17:00,3
AV00178,P0032,Thursday,True,08:00,19:00,3
AV00179,P0032,Sunday,True,09:00,16:00,3
AV00180,P0033,Monday,True,08:00,17:00,4
AV00181,P0033,Wednesday,True,08:00,17:00,4
AV00182,P0033,Thursday,True,08:00,17:00,3
AV00183,P0033,Friday,True,08:00,17:00,3
AV00184,P0033,Sunday,True,09:00,15:00,3
AV00185,P0034,Monday,True,08:00,18:00,3
AV00186,P0034,Tuesday,True,08:00,18:00,4
AV00187,P0034,Wednesday,True,08:00,19:00,3
AV00188,P0034,Thursday,True,07:00,19:00,4
AV00189,P0034,Friday,True,06:00,17:00,2
AV00190,P0034,Sunday,True,10:00,17:00,2
AV00191,P0035,Monday,True,08:00,19:00,4
AV00192,P0035,Tuesday,True,07:00,18:00,2
AV00193,P0035,Wednesday,True,07:00,17:00,4
AV00194,P0035,Thursday,True,08:00,19:00,4
AV00195,P0035,Friday,True,07:00,18:00,3
AV00196,P0035,Saturday,True,10:00,17:00,4
AV00197,P0035,Sunday,True,09:00,15:00,3
AV00198,P0036,Monday,True,07:00,17:00,2
AV00199,P0036,Tuesday,True,08:00,17:00,3
AV00200,P0036,Wednesday,True,07:00,17:00,4
AV00201,P0036,Thursday,True,07:00,17:00,3
AV00202,P0036,Friday,True,07:00,18:00,2
AV00203,P0036,Saturday,True,10:00,15:00,2
AV00204,P0037,Monday,True,08:00,17:00,4
AV00205,P0037,Tuesday,True,06:00,19:00,2
AV00206,P0037,Wednesday,True,07:00,18:00,2
AV00207,P0037,Thursday,True,08:00,17:00,2
AV00208,P0037,Friday,True,07:00,18:00,2
AV00209,P0038,Monday,True,07:00,18:00,2
AV00210,P0038,Tuesday,True,06:00,18:00,4
AV00211,P0038,Wednesday,True,06:00,19:00,2
AV00212,P0038,Thursday,True,08:00,17:00,3
AV00213,P0038,Friday,True,07:00,17:00,3
AV00214,P0038,Sunday,True,10:00,16:00,4
AV00215,P0039,Monday,True,07:00,19:00,2
AV00216,P0039,Tuesday,True,07:00,19:00,2
AV00217,P0039,Wednesday,True,08:00,18:00,4
AV00218,P0039,Thursday,True,08:00,17:00,3
AV00219,P0039,Friday,True,07:00,17:00,2
AV00220,P0039,Saturday,True,08:00,17:00,3
AV00221,P0039,Sunday,True,08:00,17:00,3
AV00222,P0040,Monday,True,07:00,19:00,4
AV00223,P0040,Tuesday,True,08:00,17:00,4
AV00224,P0040,Wednesday,True,07:00,17:00,2
AV00225,P0040,Thursday,True,07:00,19:00,2
AV00226,P0040,Sunday,True,08:00,16:00,4
AV00227,P0041,Monday,True,07:00,18:00,4
AV00228,P0041,Tuesday,True,08:00,18:00,3
AV00229,P0041,Wednesday,True,08:00,17:00,2
AV00230,P0041,Thursday,True,07:00,17:00,4
AV00231,P0041,Friday,True,07:00,19:00,4
AV00232,P0041,Sunday,True,10:00,15:00,4
AV00233,P0042,Monday,True,08:00,18:00,4
AV00234,P0042,Tuesday,True,06:00,19:00,3
AV00235,P0042,Wednesday,True,07:00,17:00,4
AV00236,P0042,Thursday,True,06:00,18:00,2
AV00237,P0042,Friday,True,07:00,17:00,3
AV00238,P0042,Sunday,True,08:00,15:00,4
AV00239,P0043,Monday,True,07:00,19:00,4
AV00240,P0043,Tuesday,True,06:00,19:00,2
AV00241,P0043,Wednesday,True,06:00,17:00,4
AV00242,P0043,Thursday,True,07:00,19:00,4
AV00243,P0043,Friday,True,08:00,18:00,3
AV00244,P0043,Saturday,True,10:00,17:00,2
AV00245,P0043,Sunday,True,09:00,15:00,3
AV00246,P0044,Tuesday,True,06:00,17:00,2
AV00247,P0044,Wednesday,True,06:00,19:00,3
AV00248,P0044,Thursday,True,08:00,19:00,3
AV00249,P0044,Friday,True,07:00,18:00,2
AV00250,P0045,Monday,True,08:00,19:00,3
AV00251,P0045,Tuesday,True,07:00,18:00,3
AV00252,P0045,Wednesday,True,06:00,19:00,2
AV00253,P0045,Thursday,True,07:00,19:00,4
AV00254,P0045,Friday,True,06:00,19:00,3
AV00255,P0045,Saturday,True,09:00,15:00,3
AV00256,P0045,Sunday,True,09:00,16:00,4
AV00257,P0046,Monday,True,08:00,18:00,3
AV00258,P0046,Wednesday,True,06:00,17:00,4
AV00259,P0046,Thursday,True,07:00,17:00,2
AV00260,P0046,Saturday,True,09:00,15:00,3
AV00261,P0046,Sunday,True,10:00,15:00,4
AV00262,P0047,Monday,True,07:00,17:00,4
AV00263,P0047,Tuesday,True,06:00,18:00,4
AV00264,P0047,Thursday,True,07:00,19:00,3
AV00265,P0047,Friday,True,06:00,18:00,4
AV00266,P0047,Saturday,True,08:00,15:00,2
AV00267,P0047,Sunday,True,08:00,17:00,2
AV00268,P0048,Monday,True,07:00,17:00,2
AV00269,P0048,Tuesday,True,06:00,18:00,4
AV00270,P0048,Wednesday,True,06:00,17:00,3
AV00271,P0048,Thursday,True,06:00,17:00,3
AV00272,P0048,Friday,True,07:00,17:00,3
AV00273,P0049,Monday,True,08:00,17:00,2
AV00274,P0049,Tuesday,True,06:00,19:00,4
AV00275,P0049,Wednesday,True,07:00,19:00,2
AV00276,P0049,Thursday,True,06:00,18:00,4
AV00277,P0049,Friday,True,06:00,17:00,2
AV00278,P0049,Saturday,True,08:00,17:00,4
AV00279,P0049,Sunday,True,09:00,16:00,2
AV00280,P0050,Monday,True,08:00,17:00,2
AV00281,P0050,Tuesday,True,08:00,19:00,4
AV00282,P0050,Wednesday,True,08:00,17:00,4
AV00283,P0050,Friday,True,08:00,19:00,2
AV00284,P0050,Sunday,True,08:00,15:00,3
AV00285,P0051,Monday,True,06:00,18:00,4
AV00286,P0051,Tuesday,True,08:00,17:00,3
AV00287,P0051,Thursday,True,08:00,18:00,3
AV00288,P0051,Friday,True,06:00,18:00,2
AV00289,P0051,Saturday,True,08:00,15:00,3
AV00290,P0051,Sunday,True,08:00,16:00,4
AV00291,P0052,Monday,True,08:00,19:00,3
AV00292,P0052,Tuesday,True,07:00,17:00,4
AV00293,P0052,Wednesday,True,08:00,17:00,3
AV00294,P0052,Thursday,True,06:00,19:00,2
AV00295,P0052,Saturday,True,09:00,16:00,4
AV00296,P0053,Monday,True,08:00,19:00,2
AV00297,P0053,Tuesday,True,07:00,19:00,2
AV00298,P0053,Wednesday,True,06:00,18:00,2
AV00299,P0053,Thursday,True,08:00,17:00,3
AV00300,P0053,Friday,True,08:00,19:00,2
AV00301,P0053,Saturday,True,10:00,15:00,4
AV00302,P0053,Sunday,True,09:00,16:00,4
AV00303,P0054,Monday,True,08:00,18:00,2
AV00304,P0054,Tuesday,True,08:00,18:00,4
AV00305,P0054,Thursday,True,06:00,18:00,3
AV00306,P0054,Friday,True,06:00,18:00,4
AV00307,P0055,Monday,True,08:00,18:00,2
AV00308,P0055,Tuesday,True,08:00,17:00,3
AV00309,P0055,Wednesday,True,06:00,19:00,4
AV00310,P0055,Thursday,True,06:00,19:00,4
AV00311,P0055,Friday,True,06:00,17:00,2
AV00312,P0055,Saturday,True,09:00,15:00,2
AV00313,P0056,Tuesday,True,08:00,19:00,4
AV00314,P0056,Wednesday,True,07:00,17:00,3
AV00315,P0056,Friday,True,06:00,19:00,3
AV00316,P0056,Saturday,True,10:00,15:00,2
AV00317,P0056,Sunday,True,10:00,15:00,3
AV00318,P0057,Monday,True,07:00,18:00,3
AV00319,P0057,Tuesday,True,08:00,18:00,2
AV00320,P0057,Wednesday,True,07:00,19:00,3
AV00321,P0057,Thursday,True,06:00,18:00,3
AV00322,P0057,Friday,True,07:00,17:00,4
AV00323,P0058,Monday,True,06:00,18:00,2
AV00324,P0058,Tuesday,True,07:00,19:00,4
AV00325,P0058,Friday,True,08:00,18:00,4
AV00326,P0058,Sunday,True,10:00,15:00,3
AV00327,P0059,Monday,True,06:00,17:00,4
AV00328,P0059,Tuesday,True,06:00,17:00,4
AV00329,P0059,Wednesday,True,07:00,18:00,4
AV00330,P0059,Thursday,True,06:00,19:00,2
AV00331,P0059,Friday,True,07:00,17:00,4
AV00332,P0059,Saturday,True,09:00,17:00,2
AV00333,P0059,Sunday,True,09:00,16:00,3
AV00334,P0060,Monday,True,08:00,18:00,3
AV00335,P0060,Tuesday,True,06:00,17:00,2
AV00336,P0060,Wednesday,True,08:00,17:00,2
AV00337,P0060,Thursday,True,07:00,18:00,3
AV00338,P0060,Friday,True,08:00,18:00,2
AV00339,P0060,Saturday,True,09:00,16:00,2
AV00340,P0060,Sunday,True,10:00,16:00,4
AV00341,P0061,Monday,True,06:00,17:00,3
AV00342,P0061,Tuesday,True,08:00,17:00,3
AV00343,P0061,Wednesday,True,06:00,19:00,3
AV00344,P0061,Thursday,True,06:00,17:00,3
AV00345,P0061,Saturday,True,10:00,15:00,2
AV00346,P0061,Sunday,True,08:00,15:00,2
AV00347,P0062,Monday,True,06:00,17:00,2
AV00348,P0062,Tuesday,True,07:00,19:00,4
AV00349,P0062,Thursday,True,08:00,18:00,2
AV00350,P0062,Friday,True,06:00,17:00,4
AV00351,P0062,Saturday,True,08:00,15:00,3
AV00352,P0062,Sunday,True,09:00,15:00,2
AV00353,P0063,Tuesday,True,08:00,18:00,3
AV00354,P0063,Wednesday,True,08:00,18:00,2
AV00355,P0063,Thursday,True,06:00,18:00,3
AV00356,P0063,Friday,True,06:00,17:00,4
AV00357,P0063,Sunday,True,09:00,16:00,3
AV00358,P0064,Tuesday,True,06:00,18:00,3
AV00359,P0064,Wednesday,True,06:00,19:00,4
AV00360,P0064,Thursday,True,08:00,17:00,3
AV00361,P0064,Friday,True,07:00,18:00,4
AV00362,P0064,Sunday,True,10:00,17:00,3
AV00363,P0065,Monday,True,06:00,17:00,3
AV00364,P0065,Tuesday,True,06:00,18:00,2
AV00365,P0065,Wednesday,True,07:00,19:00,3
AV00366,P0065,Thursday,True,06:00,17:00,2
AV00367,P0065,Friday,True,06:00,18:00,4
AV00368,P0066,Monday,True,06:00,19:00,3
AV00369,P0066,Tuesday,True,06:00,17:00,2
AV00370,P0066,Wednesday,True,08:00,19:00,3
AV00371,P0066,Friday,True,08:00,18:00,4
AV00372,P0066,Saturday,True,10:00,15:00,3
AV00373,P0066,Sunday,True,08:00,16:00,2
AV00374,P0067,Monday,True,06:00,19:00,2
AV00375,P0067,Tuesday,True,07:00,17:00,3
AV00376,P0067,Thursday,True,06:00,18:00,4
AV00377,P0067,Friday,True,07:00,17:00,2
AV00378,P0067,Saturday,True,10:00,15:00,2
AV00379,P0068,Wednesday,True,08:00,18:00,4
AV00380,P0068,Thursday,True,07:00,18:00,2
AV00381,P0068,Sunday,True,10:00,16:00,4
AV00382,P0069,Monday,True,08:00,19:00,4
AV00383,P0069,Wednesday,True,07:00,17:00,4
AV00384,P0069,Thursday,True,06:00,18:00,3
AV00385,P0069,Friday,True,07:00,17:00,2
AV00386,P0070,Tuesday,True,08:00,17:00,2
AV00387,P0070,Wednesday,True,08:00,17:00,4
AV00388,P0070,Thursday,True,07:00,17:00,3
AV00389,P0070,Friday,True,06:00,18:00,3
AV00390,P0070,Saturday,True,08:00,17:00,4
AV00391,P0071,Tuesday,True,07:00,17:00,2
AV00392,P0071,Wednesday,True,07:00,18:00,2
AV00393,P0071,Thursday,True,06:00,18:00,3
AV00394,P0071,Friday,True,06:00,18:00,3
AV00395,P0071,Sunday,True,09:00,15:00,3
AV00396,P0072,Monday,True,08:00,19:00,4
AV00397,P0072,Tuesday,True,07:00,17:00,2
AV00398,P0072,Wednesday,True,07:00,18:00,2
AV00399,P0072,Thursday,True,06:00,18:00,2
AV00400,P0072,Friday,True,08:00,17:00,3
AV00401,P0072,Saturday,True,10:00,16:00,4
AV00402,P0072,Sunday,True,10:00,15:00,4
AV00403,P0073,Tuesday,True,06:00,18:00,2
AV00404,P0073,Thursday,True,08:00,19:00,4
AV00405,P0073,Friday,True,08:00,18:00,3
AV00406,P0073,Saturday,True,08:00,16:00,4
AV00407,P0073,Sunday,True,09:00,15:00,2
AV00408,P0074,Monday,True,07:00,17:00,3
AV00409,P0074,Tuesday,True,08:00,19:00,3
AV00410,P0074,Wednesday,True,06:00,17:00,2
AV00411,P0074,Thursday,True,06:00,18:00,2
AV00412,P0074,Friday,True,07:00,18:00,3
AV00413,P0074,Sunday,True,10:00,17:00,3
AV00414,P0075,Monday,True,07:00,18:00,2
AV00415,P0075,Tuesday,True,07:00,18:00,3
AV00416,P0075,Wednesday,True,07:00,19:00,2
AV00417,P0075,Thursday,True,08:00,19:00,2
AV00418,P0075,Friday,True,07:00,19:00,3
AV00419,P0075,Sunday,True,10:00,15:00,3
AV00420,P0076,Monday,True,07:00,19:00,4
AV00421,P0076,Wednesday,True,06:00,18:00,3
AV00422,P0076,Thursday,True,08:00,17:00,4
AV00423,P0076,Friday,True,08:00,19:00,4
AV00424,P0076,Sunday,True,09:00,15:00,2
AV00425,P0077,Tuesday,True,06:00,17:00,3
AV00426,P0077,Wednesday,True,08:00,18:00,2
AV00427,P0077,Friday,True,08:00,18:00,3
AV00428,P0078,Monday,True,07:00,19:00,3
AV00429,P0078,Tuesday,True,07:00,19:00,3
AV00430,P0078,Thursday,True,08:00,19:00,4
AV00431,P0078,Friday,True,07:00,17:00,3
AV00432,P0078,Saturday,True,10:00,17:00,4
AV00433,P0079,Wednesday,True,06:00,18:00,4
AV00434,P0079,Saturday,True,10:00,16:00,4
AV00435,P0080,Monday,True,07:00,18:00,2
AV00436,P0080,Tuesday,True,08:00,19:00,3
AV00437,P0080,Wednesday,True,07:00,19:00,2
AV00438,P0080,Thursday,True,07:00,18:00,3
AV00439,P0080,Friday,True,07:00,18:00,3
AV00440,P0081,Monday,True,06:00,17:00,3
AV00441,P0081,Wednesday,True,07:00,18:00,4
AV00442,P0081,Thursday,True,08:00,17:00,2
AV00443,P0081,Friday,True,07:00,19:00,3
AV00444,P0082,Monday,True,08:00,17:00,2
AV00445,P0082,Tuesday,True,08:00,18:00,2
AV00446,P0082,Wednesday,True,08:00,19:00,2
AV00447,P0082,Thursday,True,06:00,17:00,2
AV00448,P0082,Friday,True,06:00,18:00,4
AV00449,P0082,Saturday,True,09:00,16:00,4
AV00450,P0082,Sunday,True,08:00,17:00,2
AV00451,P0083,Monday,True,07:00,19:00,3
AV00452,P0083,Tuesday,True,07:00,19:00,4
AV00453,P0083,Wednesday,True,06:00,18:00,4
AV00454,P0083,Thursday,True,06:00,18:00,2
AV00455,P0083,Friday,True,06:00,19:00,2
AV00456,P0084,Monday,True,07:00,19:00,3
AV00457,P0084,Tuesday,True,08:00,17:00,3
AV00458,P0084,Thursday,True,08:00,17:00,2
AV00459,P0084,Friday,True,07:00,19:00,4
AV00460,P0084,Sunday,True,09:00,16:00,3
AV00461,P0085,Monday,True,07:00,18:00,4
AV00462,P0085,Tuesday,True,08:00,18:00,4
AV00463,P0085,Wednesday,True,08:00,19:00,3
AV00464,P0085,Thursday,True,08:00,19:00,3
AV00465,P0085,Friday,True,06:00,18:00,2
AV00466,P0085,Saturday,True,09:00,17:00,3
AV00467,P0086,Monday,True,08:00,19:00,3
AV00468,P0086,Tuesday,True,08:00,17:00,2
AV00469,P0086,Wednesday,True,08:00,18:00,4
AV00470,P0086,Thursday,True,06:00,19:00,2
AV00471,P0086,Friday,True,07:00,18:00,3
AV00472,P0086,Saturday,True,10:00,15:00,4
AV00473,P0087,Monday,True,06:00,18:00,4
AV00474,P0087,Tuesday,True,08:00,19:00,4
AV00475,P0087,Wednesday,True,08:00,18:00,4
AV00476,P0087,Thursday,True,06:00,19:00,4
AV00477,P0087,Friday,True,06:00,18:00,2
AV00478,P0088,Monday,True,06:00,19:00,3
AV00479,P0088,Tuesday,True,06:00,18:00,2
AV00480,P0088,Wednesday,True,07:00,18:00,3
AV00481,P0088,Thursday,True,08:00,18:00,3
AV00482,P0088,Saturday,True,10:00,17:00,4
AV00483,P0089,Monday,True,06:00,19:00,2
AV00484,P0089,Wednesday,True,07:00,18:00,2
AV00485,P0089,Friday,True,06:00,18:00,3
AV00486,P0090,Tuesday,True,08:00,17:00,2
AV00487,P0090,Wednesday,True,08:00,17:00,3
AV00488,P0090,Thursday,True,06:00,18:00,3
AV00489,P0090,Friday,True,06:00,19:00,2
AV00490,P0090,Saturday,True,08:00,15:00,4
AV00491,P0090,Sunday,True,09:00,16:00,3
AV00492,P0091,Tuesday,True,06:00,19:00,2
AV00493,P0091,Wednesday,True,06:00,18:00,4
AV00494,P0091,Thursday,True,08:00,17:00,4
AV00495,P0091,Friday,True,06:00,19:00,3
AV00496,P0091,Saturday,True,08:00,16:00,4
AV00497,P0091,Sunday,True,08:00,15:00,2
AV00498,P0092,Monday,True,07:00,18:00,4
AV00499,P0092,Tuesday,True,08:00,18:00,3
AV00500,P0092,Friday,True,07:00,18:00,2
AV00501,P0092,Saturday,True,09:00,15:00,2
AV00502,P0092,Sunday,True,08:00,15:00,4
AV00503,P0093,Monday,True,08:00,17:00,2
AV00504,P0093,Tuesday,True,08:00,17:00,3
AV00505,P0093,Thursday,True,08:00,19:00,2
AV00506,P0093,Friday,True,06:00,19:00,2
AV00507,P0093,Sunday,True,10:00,15:00,3
AV00508,P0094,Monday,True,06:00,19:00,3
AV00509,P0094,Tuesday,True,06:00,17:00,4
AV00510,P0094,Wednesday,True,06:00,18:00,3
AV00511,P0094,Thursday,True,08:00,19:00,3
AV00512,P0094,Friday,True,08:00,17:00,3
AV00513,P0094,Sunday,True,10:00,17:00,2
AV00514,P0095,Monday,True,06:00,18:00,2
AV00515,P0095,Tuesday,True,07:00,19:00,2
AV00516,P0095,Wednesday,True,07:00,18:00,2
AV00517,P0095,Thursday,True,07:00,17:00,4
AV00518,P0095,Saturday,True,08:00,15:00,4
AV00519,P0095,Sunday,True,08:00,17:00,4
AV00520,P0096,Monday,True,06:00,19:00,2
AV00521,P0096,Tuesday,True,06:00,18:00,4
AV00522,P0096,Wednesday,True,07:00,18:00,3
AV00523,P0096,Thursday,True,06:00,17:00,3
AV00524,P0096,Friday,True,08:00,18:00,3
AV00525,P0096,Sunday,True,08:00,15:00,2
AV00526,P0097,Monday,True,06:00,18:00,3
AV00527,P0097,Thursday,True,08:00,17:00,3
AV00528,P0097,Friday,True,06:00,17:00,3
AV00529,P0097,Saturday,True,09:00,16:00,3
AV00530,P0098,Monday,True,07:00,19:00,2
AV00531,P0098,Tuesday,True,08:00,19:00,2
AV00532,P0098,Thursday,True,06:00,18:00,4
AV00533,P0098,Friday,True,08:00,19:00,3
AV00534,P0098,Saturday,True,09:00,16:00,4
AV00535,P0098,Sunday,True,10:00,17:00,2
AV00536,P0099,Monday,True,07:00,17:00,3
AV00537,P0099,Tuesday,True,06:00,18:00,4
AV00538,P0099,Wednesday,True,08:00,19:00,4
AV00539,P0099,Thursday,True,08:00,19:00,4
AV00540,P0099,Friday,True,08:00,18:00,4
AV00541,P0099,Saturday,True,10:00,17:00,2
AV00542,P0099,Sunday,True,10:00,15:00,3
AV00543,P0100,Monday,True,08:00,19:00,3
AV00544,P0100,Tuesday,True,08:00,19:00,2
AV00545,P0100,Wednesday,True,06:00,19:00,3
AV00546,P0100,Saturday,True,09:00,16:00,2
AV00547,P0100,Sunday,True,09:00,15:00,4
AV00548,P0101,Monday,True,08:00,18:00,3
AV00549,P0101,Tuesday,True,06:00,18:00,3
AV00550,P0101,Wednesday,True,07:00,17:00,3
AV00551,P0101,Thursday,True,06:00,18:00,4
AV00552,P0101,Friday,True,06:00,18:00,3
AV00553,P0101,Saturday,True,10:00,15:00,2
AV00554,P0102,Tuesday,True,08:00,19:00,2
AV00555,P0102,Wednesday,True,07:00,18:00,3
AV00556,P0102,Thursday,True,06:00,18:00,3
AV00557,P0102,Friday,True,08:00,19:00,3
AV00558,P0102,Sunday,True,09:00,15:00,2
AV00559,P0103,Monday,True,06:00,17:00,3
AV00560,P0103,Tuesday,True,08:00,18:00,4
AV00561,P0103,Wednesday,True,08:00,17:00,2
AV00562,P0103,Friday,True,08:00,19:00,4
AV00563,P0103,Saturday,True,09:00,17:00,2
AV00564,P0103,Sunday,True,09:00,15:00,3
AV00565,P0104,Monday,True,06:00,19:00,3
AV00566,P0104,Tuesday,True,07:00,17:00,4
AV00567,P0104,Wednesday,True,08:00,17:00,3
AV00568,P0104,Thursday,True,08:00,19:00,2
AV00569,P0104,Saturday,True,10:00,15:00,4
AV00570,P0105,Monday,True,07:00,19:00,2
AV00571,P0105,Tuesday,True,06:00,19:00,2
AV00572,P0105,Wednesday,True,08:00,19:00,4
AV00573,P0105,Friday,True,07:00,18:00,4
AV00574,P0106,Monday,True,07:00,18:00,3
AV00575,P0106,Tuesday,True,06:00,18:00,4
AV00576,P0106,Wednesday,True,08:00,19:00,3
AV00577,P0106,Thursday,True,08:00,18:00,4
AV00578,P0106,Friday,True,08:00,19:00,2
AV00579,P0106,Saturday,True,10:00,17:00,3
AV00580,P0107,Tuesday,True,08:00,19:00,2
AV00581,P0107,Wednesday,True,08:00,19:00,3
AV00582,P0107,Thursday,True,07:00,19:00,3
AV00583,P0107,Friday,True,08:00,19:00,3
AV00584,P0108,Monday,True,07:00,17:00,4
AV00585,P0108,Tuesday,True,07:00,17:00,2
AV00586,P0108,Wednesday,True,06:00,18:00,2
AV00587,P0108,Friday,True,06:00,17:00,4
AV00588,P0108,Sunday,True,10:00,15:00,3
AV00589,P0109,Monday,True,06:00,19:00,4
AV00590,P0109,Tuesday,True,06:00,19:00,4
AV00591,P0109,Wednesday,True,06:00,19:00,4
AV00592,P0109,Thursday,True,08:00,17:00,3
AV00593,P0109,Friday,True,08:00,18:00,4
AV00594,P0109,Saturday,True,10:00,16:00,2
AV00595,P0110,Monday,True,07:00,17:00,4
AV00596,P0110,Tuesday,True,08:00,18:00,4
AV00597,P0110,Wednesday,True,08:00,17:00,4
AV00598,P0110,Friday,True,06:00,19:00,2
AV00599,P0110,Saturday,True,08:00,17:00,4
AV00600,P0110,Sunday,True,08:00,16:00,3
AV00601,P0111,Monday,True,06:00,17:00,4
AV00602,P0111,Tuesday,True,06:00,18:00,3
AV00603,P0111,Wednesday,True,06:00,17:00,2
AV00604,P0111,Friday,True,08:00,19:00,4
AV00605,P0111,Saturday,True,10:00,17:00,3
AV00606,P0111,Sunday,True,10:00,16:00,4
AV00607,P0112,Monday,True,06:00,19:00,2
AV00608,P0112,Tuesday,True,06:00,18:00,4
AV00609,P0112,Wednesday,True,06:00,18:00,2
AV00610,P0112,Friday,True,07:00,18:00,3
AV00611,P0112,Saturday,True,10:00,17:00,3
AV00612,P0113,Monday,True,08:00,17:00,2
AV00613,P0113,Tuesday,True,07:00,17:00,4
AV00614,P0113,Wednesday,True,08:00,17:00,2
AV00615,P0113,Thursday,True,07:00,18:00,2
AV00616,P0113,Friday,True,08:00,19:00,3
AV00617,P0113,Saturday,True,10:00,16:00,4
AV00618,P0114,Monday,True,06:00,18:00,4
AV00619,P0114,Tuesday,True,08:00,17:00,2
AV00620,P0114,Wednesday,True,08:00,19:00,2
AV00621,P0114,Thursday,True,06:00,19:00,4
AV00622,P0114,Friday,True,08:00,18:00,2
AV00623,P0114,Saturday,True,10:00,17:00,3
AV00624,P0115,Tuesday,True,06:00,17:00,3
AV00625,P0115,Wednesday,True,06:00,17:00,2
AV00626,P0115,Thursday,True,07:00,19:00,2
AV00627,P0115,Friday,True,06:00,18:00,3
AV00628,P0115,Saturday,True,10:00,16:00,3
AV00629,P0115,Sunday,True,09:00,17:00,2
AV00630,P0116,Monday,True,08:00,19:00,4
AV00631,P0116,Tuesday,True,08:00,19:00,2
AV00632,P0116,Wednesday,True,06:00,18:00,4
AV00633,P0116,Thursday,True,08:00,18:00,4
AV00634,P0116,Friday,True,07:00,18:00,3
AV00635,P0116,Sunday,True,08:00,17:00,2
AV00636,P0117,Monday,True,07:00,19:00,3
AV00637,P0117,Wednesday,True,08:00,19:00,4
AV00638,P0117,Thursday,True,06:00,19:00,4
AV00639,P0117,Friday,True,06:00,17:00,4
AV00640,P0117,Saturday,True,10:00,17:00,2
AV00641,P0117,Sunday,True,10:00,17:00,4
AV00642,P0118,Monday,True,07:00,19:00,4
AV00643,P0118,Tuesday,True,06:00,17:00,4
AV00644,P0118,Wednesday,True,06:00,17:00,2
AV00645,P0118,Thursday,True,08:00,17:00,4
AV00646,P0118,Friday,True,08:00,17:00,3
AV00647,P0118,Sunday,True,08:00,17:00,4
AV00648,P0119,Monday,True,07:00,18:00,2
AV00649,P0119,Tuesday,True,06:00,17:00,3
AV00650,P0119,Wednesday,True,06:00,18:00,3
AV00651,P0119,Thursday,True,08:00,19:00,3
AV00652,P0119,Friday,True,06:00,19:00,4
AV00653,P0119,Saturday,True,09:00,16:00,2
AV00654,P0119,Sunday,True,08:00,15:00,4
AV00655,P0120,Monday,True,07:00,18:00,3
AV00656,P0120,Tuesday,True,08:00,18:00,3
AV00657,P0120,Wednesday,True,07:00,18:00,3
AV00658,P0120,Thursday,True,06:00,19:00,4
AV00659,P0120,Friday,True,07:00,17:00,4
AV00660,P0120,Saturday,True,10:00,17:00,2
AV00661,P0121,Tuesday,True,08:00,17:00,4
AV00662,P0121,Wednesday,True,08:00,17:00,2
AV00663,P0121,Thursday,True,08:00,19:00,3
AV00664,P0121,Friday,True,06:00,18:00,3
AV00665,P0121,Saturday,True,10:00,17:00,3
AV00666,P0121,Sunday,True,10:00,17:00,2
AV00667,P0122,Monday,True,08:00,17:00,4
AV00668,P0122,Tuesday,True,08:00,19:00,2
AV00669,P0122,Wednesday,True,06:00,18:00,2
AV00670,P0122,Thursday,True,08:00,19:00,2
AV00671,P0122,Friday,True,07:00,18:00,2
AV00672,P0122,Saturday,True,09:00,15:00,2
AV00673,P0122,Sunday,True,08:00,15:00,4
AV00674,P0123,Monday,True,07:00,18:00,3
AV00675,P0123,Thursday,True,08:00,18:00,2
AV00676,P0123,Friday,True,08:00,19:00,3
AV00677,P0123,Sunday,True,10:00,17:00,2
AV00678,P0124,Monday,True,07:00,18:00,4
AV00679,P0124,Tuesday,True,06:00,19:00,3
AV00680,P0124,Wednesday,True,06:00,19:00,3
AV00681,P0124,Thursday,True,07:00,18:00,3
AV00682,P0124,Saturday,True,08:00,16:00,2
AV00683,P0124,Sunday,True,10:00,17:00,3
AV00684,P0125,Monday,True,06:00,17:00,3
AV00685,P0125,Tuesday,True,06:00,19:00,2
AV00686,P0125,Wednesday,True,07:00,19:00,2
AV00687,P0125,Thursday,True,07:00,18:00,2
AV00688,P0125,Friday,True,08:00,18:00,2
AV00689,P0125,Saturday,True,08:00,17:00,4
AV00690,P0125,Sunday,True,10:00,17:00,2
AV00691,P0126,Tuesday,True,06:00,18:00,2
AV00692,P0126,Wednesday,True,07:00,19:00,4
AV00693,P0126,Thursday,True,08:00,19:00,4
AV00694,P0126,Friday,True,06:00,17:00,3
AV00695,P0126,Sunday,True,09:00,15:00,2
AV00696,P0127,Monday,True,08:00,17:00,4
AV00697,P0127,Tuesday,True,06:00,19:00,4
AV00698,P0127,Wednesday,True,06:00,19:00,4
AV00699,P0127,Thursday,True,07:00,19:00,4
AV00700,P0127,Friday,True,07:00,18:00,2
AV00701,P0127,Saturday,True,08:00,17:00,4
AV00702,P0128,Monday,True,08:00,17:00,2
AV00703,P0128,Tuesday,True,08:00,19:00,2
AV00704,P0128,Thursday,True,06:00,17:00,3
AV00705,P0128,Friday,True,08:00,19:00,2
AV00706,P0129,Monday,True,08:00,18:00,3
AV00707,P0129,Wednesday,True,07:00,17:00,3
AV00708,P0129,Thursday,True,07:00,18:00,4
AV00709,P0129,Friday,True,08:00,19:00,2
AV00710,P0129,Saturday,True,09:00,16:00,2
AV00711,P0130,Monday,True,08:00,19:00,3
AV00712,P0130,Tuesday,True,06:00,19:00,4
AV00713,P0130,Wednesday,True,08:00,19:00,2
AV00714,P0130,Thursday,True,07:00,19:00,2
AV00715,P0130,Friday,True,07:00,18:00,3
AV00716,P0130,Saturday,True,09:00,17:00,4
AV00717,P0130,Sunday,True,10:00,16:00,4
AV00718,P0131,Monday,True,07:00,19:00,3
AV00719,P0131,Tuesday,True,07:00,19:00,4
AV00720,P0131,Wednesday,True,07:00,19:00,4
AV00721,P0131,Thursday,True,07:00,19:00,3
AV00722,P0131,Friday,True,07:00,19:00,2
AV00723,P0132,Monday,True,07:00,19:00,2
AV00724,P0132,Tuesday,True,08:00,18:00,3
AV00725,P0132,Wednesday,True,08:00,19:00,4
AV00726,P0132,Thursday,True,06:00,18:00,4
AV00727,P0132,Friday,True,06:00,17:00,3
AV00728,P0132,Sunday,True,08:00,16:00,2
AV00729,P0133,Monday,True,08:00,17:00,4
AV00730,P0133,Tuesday,True,07:00,19:00,4
AV00731,P0133,Wednesday,True,08:00,19:00,2
AV00732,P0133,Friday,True,08:00,18:00,3
AV00733,P0133,Saturday,True,10:00,17:00,3
AV00734,P0133,Sunday,True,10:00,17:00,4
AV00735,P0134,Monday,True,08:00,17:00,4
AV00736,P0134,Tuesday,True,06:00,19:00,2
AV00737,P0134,Thursday,True,07:00,18:00,3
AV00738,P0134,Friday,True,07:00,19:00,2
AV00739,P0134,Saturday,True,10:00,17:00,2
AV00740,P0135,Monday,True,08:00,19:00,4
AV00741,P0135,Tuesday,True,07:00,17:00,4
AV00742,P0135,Thursday,True,07:00,19:00,2
AV00743,P0135,Friday,True,07:00,19:00,2
AV00744,P0135,Saturday,True,10:00,16:00,3
AV00745,P0136,Monday,True,07:00,19:00,4
AV00746,P0136,Tuesday,True,07:00,18:00,4
AV00747,P0136,Wednesday,True,06:00,18:00,3
AV00748,P0136,Thursday,True,08:00,17:00,3
AV00749,P0136,Friday,True,06:00,18:00,4
AV00750,P0136,Sunday,True,10:00,15:00,3
AV00751,P0137,Monday,True,07:00,19:00,4
AV00752,P0137,Tuesday,True,07:00,17:00,3
AV00753,P0137,Wednesday,True,08:00,19:00,3
AV00754,P0137,Thursday,True,06:00,18:00,3
AV00755,P0137,Friday,True,08:00,18:00,2
AV00756,P0138,Tuesday,True,06:00,17:00,4
AV00757,P0138,Wednesday,True,07:00,17:00,2
AV00758,P0138,Thursday,True,06:00,19:00,3
AV00759,P0138,Friday,True,06:00,17:00,2
AV00760,P0139,Monday,True,08:00,17:00,3
AV00761,P0139,Tuesday,True,07:00,18:00,4
AV00762,P0139,Thursday,True,08:00,18:00,3
AV00763,P0139,Friday,True,08:00,17:00,2
AV00764,P0139,Saturday,True,09:00,16:00,4
AV00765,P0139,Sunday,True,09:00,16:00,4
AV00766,P0140,Monday,True,07:00,17:00,4
AV00767,P0140,Tuesday,True,07:00,19:00,2
AV00768,P0140,Wednesday,True,06:00,18:00,4
AV00769,P0140,Thursday,True,07:00,19:00,3
AV00770,P0140,Friday,True,07:00,17:00,3
AV00771,P0140,Saturday,True,10:00,16:00,3
AV00772,P0140,Sunday,True,09:00,15:00,3
AV00773,P0141,Monday,True,07:00,18:00,3
AV00774,P0141,Tuesday,True,06:00,19:00,2
AV00775,P0141,Thursday,True,06:00,19:00,3
AV00776,P0141,Friday,True,08:00,18:00,3
AV00777,P0141,Saturday,True,10:00,15:00,3
AV00778,P0142,Monday,True,07:00,17:00,4
AV00779,P0142,Tuesday,True,08:00,18:00,3
AV00780,P0142,Wednesday,True,08:00,19:00,2
AV00781,P0142,Thursday,True,08:00,17:00,2
AV00782,P0142,Friday,True,07:00,18:00,4
AV00783,P0142,Saturday,True,10:00,16:00,3
AV00784,P0142,Sunday,True,10:00,17:00,3
AV00785,P0143,Monday,True,07:00,17:00,3
AV00786,P0143,Thursday,True,08:00,19:00,4
AV00787,P0143,Friday,True,07:00,18:00,3
AV00788,P0143,Sunday,True,10:00,16:00,2
AV00789,P0144,Monday,True,07:00,18:00,4
AV00790,P0144,Thursday,True,07:00,18:00,4
AV00791,P0144,Friday,True,07:00,17:00,2
AV00792,P0144,Saturday,True,08:00,16:00,3
AV00793,P0145,Monday,True,08:00,19:00,3
AV00794,P0145,Tuesday,True,07:00,18:00,4
AV00795,P0145,Wednesday,True,07:00,18:00,2
AV00796,P0145,Thursday,True,06:00,17:00,4
AV00797,P0145,Friday,True,07:00,19:00,4
AV00798,P0145,Sunday,True,09:00,15:00,2
AV00799,P0146,Monday,True,07:00,19:00,2
AV00800,P0146,Tuesday,True,07:00,19:00,2
AV00801,P0146,Wednesday,True,08:00,17:00,2
AV00802,P0146,Thursday,True,07:00,18:00,2
AV00803,P0146,Friday,True,07:00,18:00,4
AV00804,P0146,Saturday,True,10:00,15:00,2
AV00805,P0146,Sunday,True,09:00,16:00,3
AV00806,P0147,Monday,True,08:00,18:00,4
AV00807,P0147,Tuesday,True,08:00,19:00,2
AV00808,P0147,Wednesday,True,07:00,19:00,4
AV00809,P0147,Thursday,True,08:00,18:00,4
AV00810,P0147,Friday,True,08:00,18:00,3
AV00811,P0147,Saturday,True,08:00,15:00,3
AV00812,P0147,Sunday,True,09:00,16:00,2
AV00813,P0148,Monday,True,06:00,19:00,2
AV00814,P0148,Tuesday,True,07:00,19:00,2
AV00815,P0148,Wednesday,True,07:00,18:00,3
AV00816,P0148,Thursday,True,07:00,18:00,4
AV00817,P0148,Friday,True,06:00,19:00,3
AV00818,P0148,Saturday,True,10:00,16:00,3
AV00819,P0148,Sunday,True,10:00,17:00,4
AV00820,P0149,Monday,True,07:00,17:00,3
AV00821,P0149,Tuesday,True,08:00,17:00,4
AV00822,P0149,Wednesday,True,08:00,19:00,4
AV00823,P0149,Thursday,True,08:00,19:00,4
AV00824,P0149,Friday,True,07:00,17:00,2
AV00825,P0149,Saturday,True,09:00,15:00,4
AV00826,P0149,Sunday,True,09:00,16:00,4
AV00827,P0150,Monday,True,06:00,18:00,2
AV00828,P0150,Tuesday,True,08:00,17:00,2
AV00829,P0150,Thursday,True,06:00,19:00,3
AV00830,P0150,Friday,True,06:00,17:00,2
AV00831,P0150,Saturday,True,08:00,16:00,3
AV00832,P0150,Sunday,True,09:00,16:00,3
AV00833,P0151,Monday,True,06:00,18:00,2
AV00834,P0151,Tuesday,True,06:00,17:00,3
AV00835,P0151,Wednesday,True,06:00,19:00,3
AV00836,P0151,Thursday,True,07:00,18:00,2
AV00837,P0151,Friday,True,08:00,17:00,3
AV00838,P0151,Sunday,True,10:00,15:00,2
AV00839,P0152,Monday,True,06:00,19:00,4
AV00840,P0152,Wednesday,True,08:00,18:00,3
AV00841,P0152,Thursday,True,08:00,17:00,4
AV00842,P0152,Saturday,True,09:00,16:00,4
AV00843,P0152,Sunday,True,09:00,15:00,4
AV00844,P0153,Monday,True,06:00,17:00,4
AV00845,P0153,Tuesday,True,06:00,17:00,3
AV00846,P0153,Wednesday,True,07:00,17:00,2
AV00847,P0153,Friday,True,08:00,18:00,4
AV00848,P0153,Saturday,True,09:00,15:00,2
AV00849,P0153,Sunday,True,08:00,17:00,4
AV00850,P0154,Monday,True,08:00,17:00,2
AV00851,P0154,Tuesday,True,06:00,19:00,4
AV00852,P0154,Wednesday,True,06:00,18:00,2
AV00853,P0154,Thursday,True,08:00,19:00,3
AV00854,P0154,Friday,True,07:00,19:00,2
AV00855,P0154,Saturday,True,09:00,16:00,4
AV00856,P0154,Sunday,True,08:00,16:00,4
AV00857,P0155,Monday,True,07:00,19:00,4
AV00858,P0155,Tuesday,True,08:00,17:00,4
AV00859,P0155,Wednesday,True,08:00,18:00,3
AV00860,P0155,Friday,True,08:00,17:00,2
AV00861,P0155,Saturday,True,09:00,16:00,3
AV00862,P0155,Sunday,True,09:00,15:00,4
AV00863,P0156,Monday,True,08:00,17:00,2
AV00864,P0156,Tuesday,True,07:00,19:00,2
AV00865,P0156,Wednesday,True,06:00,19:00,4
AV00866,P0156,Thursday,True,06:00,19:00,4
AV00867,P0156,Friday,True,08:00,17:00,4
AV00868,P0156,Saturday,True,09:00,17:00,3
AV00869,P0156,Sunday,True,10:00,17:00,2
AV00870,P0157,Monday,True,06:00,17:00,2
AV00871,P0157,Tuesday,True,07:00,17:00,2
AV00872,P0157,Wednesday,True,08:00,18:00,4
AV00873,P0157,Thursday,True,08:00,19:00,4
AV00874,P0157,Friday,True,07:00,17:00,4
AV00875,P0157,Sunday,True,08:00,17:00,3
AV00876,P0158,Tuesday,True,07:00,19:00,2
AV00877,P0158,Wednesday,True,08:00,18:00,3
AV00878,P0158,Thursday,True,06:00,19:00,3
AV00879,P0158,Friday,True,08:00,17:00,3
AV00880,P0158,Saturday,True,08:00,17:00,2
AV00881,P0158,Sunday,True,08:00,17:00,3
AV00882,P0159,Monday,True,08:00,19:00,2
AV00883,P0159,Tuesday,True,06:00,19:00,4
AV00884,P0159,Wednesday,True,08:00,17:00,4
AV00885,P0159,Thursday,True,08:00,18:00,4
AV00886,P0159,Friday,True,06:00,17:00,2
AV00887,P0159,Saturday,True,10:00,16:00,4
AV00888,P0159,Sunday,True,10:00,16:00,3
AV00889,P0160,Tuesday,True,07:00,18:00,3
AV00890,P0160,Wednesday,True,07:00,19:00,3
AV00891,P0160,Thursday,True,08:00,19:00,2
AV00892,P0160,Friday,True,08:00,19:00,3
AV00893,P0160,Saturday,True,09:00,16:00,3
AV00894,P0160,Sunday,True,08:00,16:00,4
AV00895,P0161,Monday,True,06:00,18:00,2
AV00896,P0161,Tuesday,True,06:00,17:00,3
AV00897,P0161,Wednesday,True,08:00,18:00,4
AV00898,P0161,Thursday,True,08:00,19:00,2
AV00899,P0161,Friday,True,07:00,18:00,2
AV00900,P0161,Saturday,True,09:00,17:00,2
AV00901,P0161,Sunday,True,09:00,15:00,4
AV00902,P0162,Monday,True,06:00,19:00,2
AV00903,P0162,Tuesday,True,07:00,17:00,3
AV00904,P0162,Wednesday,True,08:00,19:00,4
AV00905,P0162,Thursday,True,06:00,19:00,4
AV00906,P0162,Friday,True,08:00,19:00,3
AV00907,P0162,Saturday,True,08:00,16:00,3
AV00908,P0163,Monday,True,06:00,17:00,4
AV00909,P0163,Tuesday,True,08:00,17:00,4
AV00910,P0163,Wednesday,True,07:00,17:00,3
AV00911,P0163,Thursday,True,07:00,19:00,4
AV00912,P0163,Friday,True,08:00,19:00,2
AV00913,P0163,Saturday,True,10:00,17:00,3
AV00914,P0164,Monday,True,08:00,19:00,2
AV00915,P0164,Tuesday,True,07:00,18:00,2
AV00916,P0164,Wednesday,True,06:00,18:00,4
AV00917,P0164,Thursday,True,08:00,18:00,3
AV00918,P0164,Friday,True,08:00,18:00,4
AV00919,P0164,Saturday,True,08:00,16:00,4
AV00920,P0164,Sunday,True,09:00,17:00,4
AV00921,P0165,Monday,True,08:00,19:00,4
AV00922,P0165,Tuesday,True,06:00,18:00,3
AV00923,P0165,Wednesday,True,08:00,17:00,2
AV00924,P0165,Thursday,True,07:00,18:00,3
AV00925,P0165,Friday,True,07:00,19:00,4
AV00926,P0165,Saturday,True,09:00,15:00,3
AV00927,P0166,Tuesday,True,06:00,18:00,2
AV00928,P0166,Thursday,True,08:00,18:00,2
AV00929,P0166,Friday,True,06:00,17:00,4
AV00930,P0166,Saturday,True,10:00,15:00,3
AV00931,P0166,Sunday,True,10:00,15:00,3
AV00932,P0167,Monday,True,06:00,18:00,2
AV00933,P0167,Tuesday,True,06:00,17:00,4
AV00934,P0167,Wednesday,True,07:00,19:00,3
AV00935,P0167,Thursday,True,06:00,19:00,4
AV00936,P0167,Friday,True,07:00,19:00,4
AV00937,P0167,Saturday,True,09:00,15:00,2
AV00938,P0167,Sunday,True,10:00,17:00,3
AV00939,P0168,Monday,True,08:00,17:00,2
AV00940,P0168,Tuesday,True,07:00,19:00,4
AV00941,P0168,Wednesday,True,06:00,17:00,3
AV00942,P0168,Friday,True,06:00,18:00,4
AV00943,P0168,Sunday,True,09:00,16:00,4
AV00944,P0169,Monday,True,06:00,17:00,4
AV00945,P0169,Wednesday,True,08:00,17:00,2
AV00946,P0169,Thursday,True,08:00,18:00,3
AV00947,P0169,Friday,True,08:00,17:00,2
AV00948,P0169,Saturday,True,09:00,16:00,4
AV00949,P0169,Sunday,True,10:00,16:00,2
AV00950,P0170,Monday,True,07:00,17:00,4
AV00951,P0170,Wednesday,True,07:00,18:00,4
AV00952,P0170,Thursday,True,08:00,18:00,4
AV00953,P0171,Monday,True,06:00,19:00,2
AV00954,P0171,Tuesday,True,07:00,19:00,3
AV00955,P0171,Wednesday,True,06:00,17:00,4
AV00956,P0171,Thursday,True,08:00,19:00,2
AV00957,P0171,Saturday,True,10:00,17:00,2
AV00958,P0171,Sunday,True,08:00,17:00,4
AV00959,P0172,Tuesday,True,08:00,19:00,4
AV00960,P0172,Wednesday,True,07:00,17:00,4
AV00961,P0172,Thursday,True,07:00,18:00,3
AV00962,P0172,Friday,True,08:00,19:00,4
AV00963,P0172,Saturday,True,08:00,15:00,2
AV00964,P0172,Sunday,True,10:00,17:00,3
AV00965,P0173,Monday,True,08:00,17:00,4
AV00966,P0173,Tuesday,True,08:00,17:00,3
AV00967,P0173,Wednesday,True,07:00,17:00,4
AV00968,P0173,Thursday,True,07:00,19:00,4
AV00969,P0173,Friday,True,07:00,18:00,3
AV00970,P0173,Saturday,True,08:00,15:00,2
AV00971,P0173,Sunday,True,08:00,16:00,3
AV00972,P0174,Monday,True,08:00,17:00,2
AV00973,P0174,Tuesday,True,07:00,19:00,3
AV00974,P0174,Wednesday,True,07:00,17:00,3
AV00975,P0174,Thursday,True,06:00,19:00,4
AV00976,P0174,Friday,True,08:00,18:00,3
AV00977,P0175,Monday,True,08:00,19:00,4
AV00978,P0175,Tuesday,True,08:00,17:00,3
AV00979,P0175,Wednesday,True,06:00,17:00,4
AV00980,P0175,Thursday,True,08:00,17:00,4
AV00981,P0175,Friday,True,08:00,17:00,2
AV00982,P0175,Saturday,True,09:00,16:00,3
AV00983,P0175,Sunday,True,09:00,16:00,4
AV00984,P0176,Tuesday,True,06:00,18:00,4
AV00985,P0176,Wednesday,True,08:00,19:00,2
AV00986,P0176,Thursday,True,08:00,19:00,4
AV00987,P0176,Friday,True,07:00,18:00,3
AV00988,P0176,Saturday,True,09:00,17:00,4
AV00989,P0177,Tuesday,True,07:00,19:00,4
AV00990,P0177,Thursday,True,08:00,19:00,2
AV00991,P0177,Friday,True,08:00,18:00,4
AV00992,P0177,Saturday,True,10:00,17:00,3
AV00993,P0178,Tuesday,True,06:00,18:00,4
AV00994,P0178,Wednesday,True,06:00,18:00,4
AV00995,P0178,Saturday,True,08:00,15:00,4
AV00996,P0178,Sunday,True,09:00,16:00,4
AV00997,P0179,Monday,True,07:00,18:00,4
AV00998,P0179,Tuesday,True,06:00,17:00,2
AV00999,P0179,Wednesday,True,07:00,17:00,3
AV01000,P0179,Thursday,True,07:00,19:00,2
AV01001,P0179,Friday,True,07:00,17:00,2
AV01002,P0179,Saturday,True,09:00,16:00,3
AV01003,P0179,Sunday,True,10:00,17:00,2
AV01004,P0180,Monday,True,08:00,18:00,4
AV01005,P0180,Tuesday,True,06:00,17:00,2
AV01006,P0180,Wednesday,True,08:00,18:00,2
AV01007,P0180,Thursday,True,06:00,19:00,4
AV01008,P0180,Friday,True,07:00,18:00,2
AV01009,P0180,Saturday,True,09:00,15:00,2
AV01010,P0181,Monday,True,08:00,19:00,4
AV01011,P0181,Tuesday,True,08:00,17:00,3
AV01012,P0181,Wednesday,True,07:00,17:00,2
AV01013,P0181,Thursday,True,07:00,18:00,3
AV01014,P0181,Friday,True,07:00,19:00,2
AV01015,P0181,Saturday,True,08:00,15:00,4
AV01016,P0182,Monday,True,07:00,19:00,2
AV01017,P0182,Tuesday,True,08:00,17:00,2
AV01018,P0182,Wednesday,True,08:00,19:00,2
AV01019,P0182,Thursday,True,08:00,19:00,4
AV01020,P0182,Friday,True,08:00,18:00,3
AV01021,P0182,Saturday,True,10:00,16:00,2
AV01022,P0183,Monday,True,08:00,19:00,3
AV01023,P0183,Tuesday,True,06:00,19:00,2
AV01024,P0183,Wednesday,True,06:00,17:00,2
AV01025,P0183,Thursday,True,08:00,17:00,4
AV01026,P0183,Friday,True,08:00,18:00,3
AV01027,P0183,Saturday,True,09:00,17:00,4
AV01028,P0183,Sunday,True,10:00,15:00,4
AV01029,P0184,Monday,True,06:00,18:00,3
AV01030,P0184,Tuesday,True,07:00,17:00,2
AV01031,P0184,Wednesday,True,07:00,18:00,4
AV01032,P0184,Thursday,True,06:00,17:00,2
AV01033,P0184,Friday,True,07:00,19:00,3
AV01034,P0185,Monday,True,07:00,17:00,4
AV01035,P0185,Tuesday,True,08:00,18:00,3
AV01036,P0185,Wednesday,True,07:00,19:00,2
AV01037,P0185,Thursday,True,07:00,19:00,4
AV01038,P0185,Friday,True,08:00,19:00,2
AV01039,P0185,Saturday,True,10:00,16:00,3
AV01040,P0185,Sunday,True,08:00,16:00,2
AV01041,P0186,Monday,True,07:00,19:00,4
AV01042,P0186,Tuesday,True,08:00,19:00,3
AV01043,P0186,Wednesday,True,06:00,18:00,4
AV01044,P0186,Friday,True,07:00,18:00,2
AV01045,P0186,Saturday,True,08:00,16:00,3
AV01046,P0187,Monday,True,08:00,18:00,2
AV01047,P0187,Tuesday,True,06:00,17:00,2
AV01048,P0187,Wednesday,True,06:00,18:00,4
AV01049,P0187,Thursday,True,07:00,18:00,4
AV01050,P0187,Saturday,True,09:00,15:00,2
AV01051,P0188,Tuesday,True,06:00,17:00,4
AV01052,P0188,Wednesday,True,07:00,19:00,4
AV01053,P0188,Thursday,True,07:00,17:00,4
AV01054,P0188,Friday,True,06:00,18:00,3
AV01055,P0188,Sunday,True,10:00,17:00,3
AV01056,P0189,Monday,True,07:00,19:00,2
AV01057,P0189,Tuesday,True,06:00,18:00,3
AV01058,P0189,Wednesday,True,07:00,19:00,2
AV01059,P0189,Thursday,True,06:00,18:00,2
AV01060,P0189,Friday,True,08:00,19:00,4
AV01061,P0189,Saturday,True,10:00,16:00,4
AV01062,P0189,Sunday,True,08:00,17:00,3
AV01063,P0190,Monday,True,06:00,17:00,3
AV01064,P0190,Tuesday,True,07:00,19:00,3
AV01065,P0190,Wednesday,True,06:00,18:00,4
AV01066,P0190,Thursday,True,07:00,17:00,2
AV01067,P0190,Friday,True,06:00,19:00,4
AV01068,P0191,Monday,True,07:00,19:00,3
AV01069,P0191,Tuesday,True,06:00,19:00,4
AV01070,P0191,Wednesday,True,06:00,18:00,4
AV01071,P0191,Thursday,True,08:00,18:00,2
AV01072,P0191,Friday,True,08:00,19:00,4
AV01073,P0191,Sunday,True,08:00,15:00,4
AV01074,P0192,Monday,True,07:00,18:00,2
AV01075,P0192,Tuesday,True,08:00,18:00,3
AV01076,P0192,Wednesday,True,06:00,17:00,3
AV01077,P0192,Thursday,True,07:00,18:00,2
AV01078,P0192,Friday,True,07:00,19:00,4
AV01079,P0192,Saturday,True,08:00,16:00,4
AV01080,P0193,Monday,True,08:00,17:00,3
AV01081,P0193,Tuesday,True,07:00,19:00,3
AV01082,P0193,Wednesday,True,06:00,19:00,2
AV01083,P0193,Friday,True,07:00,17:00,4
AV01084,P0193,Saturday,True,09:00,17:00,3
AV01085,P0193,Sunday,True,08:00,15:00,4
AV01086,P0194,Monday,True,08:00,19:00,4
AV01087,P0194,Tuesday,True,06:00,19:00,4
AV01088,P0194,Wednesday,True,08:00,17:00,3
AV01089,P0194,Thursday,True,07:00,17:00,4
AV01090,P0194,Friday,True,08:00,18:00,3
AV01091,P0194,Saturday,True,10:00,15:00,2
AV01092,P0194,Sunday,True,08:00,17:00,4
AV01093,P0195,Monday,True,06:00,19:00,2
AV01094,P0195,Tuesday,True,07:00,18:00,4
AV01095,P0195,Wednesday,True,06:00,17:00,4
AV01096,P0195,Friday,True,08:00,18:00,3
AV01097,P0196,Tuesday,True,08:00,19:00,3
AV01098,P0196,Wednesday,True,07:00,17:00,3
AV01099,P0196,Saturday,True,10:00,16:00,2
AV01100,P0197,Tuesday,True,08:00,19:00,3
AV01101,P0197,Wednesday,True,08:00,18:00,3
AV01102,P0197,Thursday,True,08:00,17:00,4
AV01103,P0197,Friday,True,06:00,17:00,4
AV01104,P0197,Saturday,True,09:00,16:00,2
AV01105,P0197,Sunday,True,10:00,15:00,2
AV01106,P0198,Monday,True,08:00,17:00,2
AV01107,P0198,Tuesday,True,07:00,19:00,3
AV01108,P0198,Thursday,True,06:00,19:00,3
AV01109,P0199,Tuesday,True,07:00,19:00,3
AV01110,P0199,Wednesday,True,07:00,18:00,3
AV01111,P0199,Thursday,True,07:00,19:00,2
AV01112,P0199,Friday,True,08:00,17:00,4
AV01113,P0199,Saturday,True,09:00,17:00,4
AV01114,P0199,Sunday,True,08:00,17:00,3
AV01115,P0200,Monday,True,06:00,19:00,3
AV01116,P0200,Wednesday,True,08:00,19:00,4
AV01117,P0200,Sunday,True,08:00,17:00,4
