provider_id,name,service_type,base_area_id,base_area_name,lat,lng,years_experience,rating,total_jobs_completed,completion_rate,avg_response_time_min,hourly_rate_ksh,is_verified,phone
P0001,Abdi Mutua,electrician,A21,Kileleshwa,-1.265552,36.774614,7,4.8,182,0.788,10,1054,True,+254795760944
P0002,Hassan Mukami,technician,A05,Langata,-1.330429,36.75935,13,4.4,481,0.947,12,958,False,+254718183594
P0003,Peter Mwangi,cleaner,A03,Kilimani,-1.304266,36.787504,15,5.0,390,0.846,25,501,True,+254743629195
P0004,John Mohamed,cleaner,A08,Eastleigh,-1.271819,36.862837,8,4.8,280,0.736,7,391,True,+254714030635
P0005,Mercy Kariuki,technician,A21,Kileleshwa,-1.285845,36.78543,4,3.9,156,0.885,43,616,True,+254730669042
P0006,James Kiptoo,technician,A09,Parklands,-1.25903,36.810832,19,4.4,513,0.902,21,630,True,+254749045227
P0007,Isaac Odhiambo,plumber,A11,Industrial Area,-1.295756,36.837346,3,4.8,234,0.813,17,1096,True,+254735780160
P0008,Joyce Abdi,electrician,A13,Kasarani,-1.209809,36.907631,12,4.4,636,0.779,34,919,True,+254748887190
P0009,Mwangi Ochieng,technician,A02,Westlands,-1.26042,36.818632,9,4.9,531,0.954,9,879,False,+254757769262
P0010,Mary Njeri,electrician,A13,Kasarani,-1.2307,36.90588,15,4.1,840,0.887,43,1367,True,+254785677072
P0011,Moses Wanjiru,plumber,A28,Kitengela,-1.461571,36.951166,16,3.5,768,0.741,28,1242,True,+254722948473
P0012,Mary Otieno,electrician,A22,Hurlingham,-1.295566,36.800621,3,3.1,111,0.784,33,555,False,+254782279117
P0013,Grace Langat,electrician,A28,Kitengela,-1.481718,36.963337,8,3.9,512,0.889,40,1036,True,+254731307038
P0014,Joyce Waweru,electrician,A12,Embakasi,-1.309393,36.91238,19,3.4,836,0.925,9,551,True,+254731589021
P0015,Rotich Otieno,carpenter,A23,Spring Valley,-1.252873,36.746484,19,5.0,1083,0.944,30,658,True,+254756280057
P0016,Charles Kiptoo,cleaner,A06,South B,-1.322475,36.817892,15,4.8,645,0.779,22,550,True,+254776325014
P0017,Kipchoge Wanjiru,carpenter,A09,Parklands,-1.265137,36.832357,7,3.8,238,0.979,16,1016,True,+254739552508
P0018,David Kariuki,plumber,A22,Hurlingham,-1.292456,36.806022,10,4.8,590,0.913,7,659,False,+254792704606
P0019,Grace Otieno,plumber,A26,Rongai,-1.389773,36.75041,3,4.5,171,0.728,34,1342,True,+254796299221
P0020,Esther Waweru,technician,A19,Runda,-1.220161,36.809549,9,4.7,594,0.833,33,1224,True,+254710706827
P0021,Rotich Langat,technician,A13,Kasarani,-1.234208,36.887013,11,4.3,693,0.918,35,1319,True,+254793811260
P0022,Otieno Mohamed,electrician,A05,Langata,-1.337324,36.740716,14,4.9,350,0.913,13,1171,True,+254781570064
P0023,Auma Cheruiyot,plumber,A19,Runda,-1.20871,36.820684,7,3.8,539,0.977,10,894,True,+254775671713
P0024,Samuel Kamau,cleaner,A05,Langata,-1.334684,36.751712,7,4.2,462,0.957,5,870,False,+254721046644
P0025,Hassan Ruto,cleaner,A05,Langata,-1.346931,36.741658,3,4.2,156,0.845,5,558,True,+254751269326
P0026,Jane Hassan,plumber,A13,Kasarani,-1.234607,36.913473,10,4.6,750,0.959,6,1116,True,+254712156988
P0027,James Wairimu,technician,A18,Muthaiga,-1.257454,36.847519,13,4.8,780,0.786,40,771,True,+254779909113
P0028,Halima Mutua,technician,A22,Hurlingham,-1.287818,36.781917,6,3.2,354,0.791,37,1755,False,+254770221710
P0029,Lydia Kiptoo,electrician,A11,Industrial Area,-1.308364,36.858956,16,5.0,1120,0.886,32,946,True,+254759344098
P0030,Thomas Hassan,technician,A24,Dagoretti,-1.288754,36.734235,12,4.9,816,0.751,34,1451,False,+254798218429
P0031,Kipchoge Kimani,carpenter,A17,Gigiri,-1.208399,36.806357,2,3.1,112,0.929,21,546,False,+254758871148
P0032,George Akinyi,cleaner,A17,Gigiri,-1.218323,36.820818,15,4.8,690,0.979,10,551,False,+254772979834
P0033,Njoroge Mwangi,carpenter,A18,Muthaiga,-1.254259,36.833037,4,4.2,112,0.88,10,622,True,+254780702234
P0034,Anne Kimani,electrician,A16,Ruiru,-1.147348,36.960424,12,4.7,348,0.756,21,1449,True,+254713245385
P0035,Samuel Otieno,technician,A08,Eastleigh,-1.266177,36.853074,3,4.3,99,0.857,26,1339,True,+254727727576
P0036,Halima Mohamed,electrician,A27,Syokimau,-1.369792,36.909296,9,5.0,693,0.905,25,1058,False,+254755326962
P0037,Otieno Kiptoo,cleaner,A05,Langata,-1.35501,36.742017,5,5.0,190,0.927,37,468,True,+254715988673
P0038,Isaac Mohamed,cleaner,A28,Kitengela,-1.478252,36.974953,15,3.1,930,0.788,39,443,False,+254720770529
P0039,Alice Cheruiyot,electrician,A23,Spring Valley,-1.278278,36.738872,2,4.5,158,0.924,10,1205,False,+254778087384
P0040,Njoroge Langat,plumber,A21,Kileleshwa,-1.285552,36.778547,10,3.5,450,0.988,38,1000,True,+254799128948
P0041,John Ali,electrician,A08,Eastleigh,-1.262587,36.837939,17,3.7,731,0.801,24,969,True,+254766888266
P0042,Michael Wanjiru,electrician,A19,Runda,-1.206172,36.812074,5,3.6,395,0.884,28,513,True,+254785922953
P0043,Peter Odhiambo,electrician,A08,Eastleigh,-1.275323,36.859659,8,4.8,480,0.787,34,1039,True,+254772024145
P0044,Wanjiku Waweru,plumber,A08,Eastleigh,-1.286651,36.848557,17,4.5,646,0.889,28,806,True,+254757826993
P0045,Ochieng Ali,carpenter,A24,Dagoretti,-1.293654,36.741826,19,4.7,1425,0.781,17,1141,True,+254722816547
P0046,Mercy Waweru,cleaner,A26,Rongai,-1.390957,36.7597,12,3.4,360,0.843,33,781,True,+254752975528
P0047,Lydia Ruto,plumber,A22,Hurlingham,-1.296707,36.799823,10,5.0,630,0.962,7,956,True,+254747515954
P0048,Rotich Njeri,electrician,A24,Dagoretti,-1.28378,36.747291,19,5.0,1311,0.867,34,1137,True,+254713685226
P0049,Joseph Kariuki,technician,A13,Kasarani,-1.213738,36.911241,17,4.1,1343,0.836,7,866,True,+254750002627
P0050,Lydia Kiptoo,plumber,A18,Muthaiga,-1.237436,36.842383,16,3.2,1232,0.803,6,1107,True,+254779634860
P0051,Michael Langat,technician,A08,Eastleigh,-1.269481,36.837488,8,3.2,544,0.841,14,1742,False,+254778368261
P0052,David Njeri,cleaner,A28,Kitengela,-1.47149,36.958108,8,5.0,280,0.889,14,767,False,+254736904928
P0053,Samuel Kariuki,electrician,A27,Syokimau,-1.355438,36.894191,3,4.6,108,0.768,32,841,True,+254779775871
P0054,Rose Kamau,cleaner,A16,Ruiru,-1.144993,36.950231,8,3.6,248,0.857,44,336,True,+254792376887
P0055,Thomas Langat,carpenter,A01,CBD,-1.285689,36.830976,2,3.3,82,0.754,17,674,True,+254796610079
P0056,Otieno Wairimu,carpenter,A23,Spring Valley,-1.25633,36.750322,15,4.5,600,0.829,40,644,True,+254757658784
P0057,Isaac Kamau,electrician,A05,Langata,-1.343355,36.756359,12,3.7,708,0.818,12,655,True,+254762651510
P0058,Esther Kamau,electrician,A18,Muthaiga,-1.257845,36.837065,15,4.5,1140,0.922,44,755,True,+254780883084
P0059,Njoroge Kiptoo,cleaner,A16,Ruiru,-1.15681,36.947432,7,4.4,182,0.818,42,321,True,+254714612368
P0060,Simon Otieno,electrician,A17,Gigiri,-1.235984,36.813546,5,3.1,175,0.846,25,547,True,+254744605393
P0061,Rose Ochieng,technician,A22,Hurlingham,-1.313263,36.795445,9,3.8,288,0.867,11,1097,False,+254734735435
P0062,Adhiambo Kamau,electrician,A19,Runda,-1.210904,36.813098,10,4.1,530,0.957,36,1029,True,+254731823456
P0063,Ochieng Hassan,cleaner,A14,Roysambu,-1.223879,36.861046,7,4.0,231,0.76,24,726,True,+254711850574
P0064,Amina Odhiambo,electrician,A09,Parklands,-1.263494,36.832383,18,3.7,1224,0.803,6,1206,True,+254761229083
P0065,Rotich Kimani,electrician,A13,Kasarani,-1.210236,36.897134,10,5.0,200,0.784,40,1272,True,+254797143526
P0066,Michael Mwangi,technician,A30,Athi River,-1.457679,36.988129,12,5.0,768,0.777,37,1320,True,+254729472012
P0067,Michael Mohamed,carpenter,A19,Runda,-1.203143,36.802115,16,3.2,384,0.784,33,966,True,+254721175921
P0068,Joyce Otieno,electrician,A09,Parklands,-1.28108,36.807397,17,4.7,1122,0.926,10,560,False,+254799259701
P0069,Diana Mohamed,plumber,A12,Embakasi,-1.326504,36.886816,11,4.5,869,0.938,8,873,True,+254750246339
P0070,Rotich Hassan,carpenter,A20,Lavington,-1.28849,36.775223,12,4.0,936,0.784,38,1077,True,+254788649963
P0071,Chebet Ochieng,cleaner,A27,Syokimau,-1.372822,36.900737,4,4.0,212,0.902,35,755,False,+254794836058
P0072,Joseph Mukami,plumber,A05,Langata,-1.355719,36.761446,1,4.7,45,0.77,21,1300,True,+254771432343
P0073,Isaac Wanjiru,plumber,A09,Parklands,-1.265689,36.829151,6,3.3,180,0.879,40,1079,True,+254768749828
P0074,Thomas Hassan,cleaner,A22,Hurlingham,-1.307168,36.802508,14,5.0,644,0.97,9,816,True,+254718987622
P0075,David Otieno,carpenter,A29,Kikuyu,-1.245138,36.66463,9,5.0,189,0.861,42,655,True,+254744620815
P0076,James Odhiambo,plumber,A27,Syokimau,-1.380514,36.905837,8,4.4,400,0.791,23,839,False,+254721799782
P0077,Patrick Mukami,carpenter,A21,Kileleshwa,-1.283737,36.770673,1,4.7,40,0.801,23,622,True,+254753098001
P0078,James Ochieng,plumber,A23,Spring Valley,-1.275279,36.740173,10,4.2,270,0.881,6,1363,True,+254754595589
P0079,George Mohamed,cleaner,A29,Kikuyu,-1.261245,36.651334,3,4.6,111,0.899,9,889,True,+254794715172
P0080,George Ruto,cleaner,A12,Embakasi,-1.329891,36.910858,6,3.8,408,0.88,38,612,True,+254732792992
P0081,Peter Akinyi,plumber,A10,Upper Hill,-1.307096,36.828446,8,4.8,440,0.858,38,599,True,+254746762993
P0082,Joyce Mohamed,cleaner,A08,Eastleigh,-1.282442,36.857907,3,4.6,129,0.888,15,690,False,+254750487336
P0083,Abdi Njoroge,carpenter,A14,Roysambu,-1.197099,36.88354,3,4.6,213,0.861,33,529,False,+254710277007
P0084,Simon Ruto,technician,A08,Eastleigh,-1.261233,36.851061,15,4.9,705,0.823,26,758,True,+254721309746
P0085,Mercy Wairimu,carpenter,A24,Dagoretti,-1.279595,36.742246,16,3.9,1232,0.754,11,495,False,+254792388201
P0086,Patrick Wanjiru,electrician,A26,Rongai,-1.399737,36.737186,12,4.3,612,0.749,26,1339,True,+254776745316
P0087,Susan Kariuki,electrician,A28,Kitengela,-1.465391,36.952559,16,4.0,1200,0.782,7,1294,True,+254728957574
P0088,Alice Kariuki,cleaner,A30,Athi River,-1.466229,36.98317,18,4.4,1170,0.919,5,826,True,+254751243583
P0089,Faith Mutua,electrician,A22,Hurlingham,-1.295309,36.794384,15,4.4,855,0.847,21,1226,False,+254765252722
P0090,Rotich Hassan,plumber,A25,Ngong,-1.348911,36.676954,19,4.3,475,0.888,32,536,True,+254790323891
P0091,John Ochieng,cleaner,A27,Syokimau,-1.368545,36.906893,9,4.8,459,0.949,33,743,False,+254763061124
P0092,Thomas Kamau,electrician,A09,Parklands,-1.278448,36.826925,10,5.0,310,0.852,30,1196,True,+254721322631
P0093,Esther Ruto,plumber,A14,Roysambu,-1.2179,36.876935,3,4.5,177,0.819,37,646,True,+254725494801
P0094,Ochieng Waweru,electrician,A17,Gigiri,-1.216758,36.821188,3,3.6,108,0.922,16,1414,True,+254758787112
P0095,Njoroge Mohamed,plumber,A23,Spring Valley,-1.277903,36.744602,12,3.9,672,0.847,33,967,True,+254773072152
P0096,Moses Akinyi,technician,A24,Dagoretti,-1.288134,36.742623,17,4.6,510,0.889,42,1253,True,+254754084182
P0097,Omondi Odhiambo,carpenter,A22,Hurlingham,-1.290422,36.794618,16,5.0,544,0.957,42,1011,True,+254766360483
P0098,Alice Hassan,technician,A04,Karen,-1.310218,36.721517,9,3.8,522,0.834,16,1091,True,+254729697094
P0099,Fatuma Kimani,plumber,A14,Roysambu,-1.221829,36.868602,11,3.1,330,0.917,10,711,True,+254750554010
P0100,Catherine Wairimu,plumber,A07,South C,-1.32936,36.803922,19,4.0,399,0.88,21,1339,True,+254716267657
P0101,Alice Cheruiyot,cleaner,A06,South B,-1.316934,36.821923,5,4.8,180,0.773,33,405,True,+254736557112
P0102,Isaac Ruto,plumber,A01,CBD,-1.28875,36.816036,14,4.6,294,0.858,44,585,False,+254797899766
P0103,Jane Langat,cleaner,A20,Lavington,-1.2836,36.766546,4,3.3,180,0.854,17,799,True,+254731170034
P0104,Abdi Kiptoo,cleaner,A07,South C,-1.317485,36.782226,15,4.8,495,0.78,40,849,True,+254723817296
P0105,Kipchoge Abdi,cleaner,A10,Upper Hill,-1.30826,36.804606,10,3.2,230,0.943,8,691,True,+254715864552
P0106,Charles Wairimu,carpenter,A27,Syokimau,-1.36283,36.900425,17,5.0,799,0.769,37,870,True,+254733170676
P0107,John Kamau,electrician,A26,Rongai,-1.411221,36.737889,11,3.8,715,0.756,30,708,True,+254724605576
P0108,Michael Langat,cleaner,A16,Ruiru,-1.133647,36.975468,4,4.8,244,0.739,44,407,True,+254745362635
P0109,Amina Wanjiru,cleaner,A21,Kileleshwa,-1.273273,36.789956,19,3.7,1368,0.918,42,740,True,+254743393109
P0110,Rotich Wanjiru,electrician,A13,Kasarani,-1.213002,36.900337,14,3.4,1050,0.852,29,1119,True,+254778211927
P0111,Joseph Ruto,technician,A25,Ngong,-1.371368,36.653568,3,3.7,129,0.776,23,1613,True,+254763832887
P0112,Njoroge Langat,carpenter,A26,Rongai,-1.407345,36.750173,17,4.9,1190,0.809,40,779,True,+254715353802
P0113,Daniel Langat,carpenter,A08,Eastleigh,-1.285759,36.862408,9,4.9,279,0.731,21,540,True,+254726226201
P0114,Otieno Abdi,cleaner,A15,Githurai,-1.17431,36.888295,7,3.8,357,0.766,19,551,True,+254789952889
P0115,Omondi Mukami,technician,A25,Ngong,-1.355618,36.6771,15,3.2,390,0.736,12,724,False,+254749834579
P0116,Otieno Langat,technician,A14,Roysambu,-1.210341,36.87171,1,4.0,48,0.871,42,804,False,+254798077071
P0117,Diana Mutua,technician,A24,Dagoretti,-1.304001,36.758584,6,4.0,468,0.833,23,860,False,+254712794762
P0118,Njoroge Korir,cleaner,A27,Syokimau,-1.375522,36.898831,12,4.0,552,0.883,22,781,True,+254745234277
P0119,Amina Kimani,plumber,A09,Parklands,-1.278361,36.811882,19,4.6,1026,0.896,19,1373,True,+254755058344
P0120,Mwangi Otieno,plumber,A11,Industrial Area,-1.305578,36.856668,14,4.4,924,0.869,27,731,True,+254793475436
P0121,George Wanjiru,plumber,A08,Eastleigh,-1.269387,36.85348,19,5.0,437,0.904,41,1381,True,+254717493679
P0122,Mwangi Langat,plumber,A14,Roysambu,-1.198937,36.868092,1,4.1,34,0.848,24,504,True,+254739764445
P0123,Catherine Ali,technician,A07,South C,-1.304593,36.805869,17,4.0,901,0.913,10,888,False,+254786635816
P0124,Halima Ali,technician,A01,CBD,-1.268836,36.820416,4,4.3,216,0.771,19,1178,True,+254760795340
P0125,Alice Cheruiyot,carpenter,A01,CBD,-1.289186,36.82843,18,4.2,810,0.775,40,627,False,+254715945551
P0126,Abdi Mukami,plumber,A27,Syokimau,-1.384197,36.899152,1,3.8,46,0.784,32,1101,True,+254765684329
P0127,Wanjiku Kariuki,technician,A20,Lavington,-1.28395,36.781169,19,4.0,969,0.82,24,1214,True,+254747341224
P0128,Faith Wairimu,electrician,A16,Ruiru,-1.143862,36.976006,19,3.9,1501,0.843,39,859,True,+254713230899
P0129,Jane Njoroge,technician,A13,Kasarani,-1.212676,36.887025,10,3.2,770,0.813,25,973,False,+254735440540
P0130,Rose Ali,electrician,A18,Muthaiga,-1.261506,36.849263,2,4.8,126,0.972,26,1371,True,+254750051444
P0131,Lydia Njoroge,electrician,A01,CBD,-1.273399,36.831477,6,3.6,228,0.953,12,594,False,+254765719962
P0132,Catherine Odhiambo,electrician,A06,South B,-1.312355,36.821388,17,5.0,1275,0.865,36,888,True,+254797462342
P0133,Catherine Mutua,plumber,A11,Industrial Area,-1.310118,36.864521,9,3.7,423,0.792,9,1151,False,+254785164478
P0134,Samuel Korir,plumber,A27,Syokimau,-1.356084,36.892391,12,3.5,852,0.955,13,696,True,+254794255922
P0135,Joyce Kariuki,electrician,A18,Muthaiga,-1.24462,36.826256,11,3.5,242,0.821,10,1068,True,+254755671051
P0136,Peter Mwangi,carpenter,A25,Ngong,-1.343029,36.658549,16,4.4,912,0.783,42,725,False,+254749405740
P0137,Omondi Njoroge,technician,A07,South C,-1.326641,36.801857,7,4.4,462,0.817,12,794,True,+254791239136
P0138,Ochieng Waweru,cleaner,A16,Ruiru,-1.130056,36.960788,4,4.8,276,0.815,9,318,True,+254749300073
P0139,Patrick Abdi,technician,A09,Parklands,-1.251758,36.82097,10,4.2,480,0.905,14,1333,True,+254754493982
P0140,Patrick Kimani,technician,A24,Dagoretti,-1.281413,36.751532,18,4.4,1224,0.846,37,1113,True,+254767414306
P0141,Ochieng Wairimu,carpenter,A01,CBD,-1.283127,36.824297,6,4.7,240,0.952,33,1049,False,+254754086759
P0142,Amina Waweru,plumber,A13,Kasarani,-1.229622,36.886822,9,3.3,360,0.792,10,1064,True,+254790521908
P0143,Charles Ochieng,technician,A23,Spring Valley,-1.257355,36.737855,2,3.7,154,0.841,18,1473,True,+254777615024
P0144,Adhiambo Ochieng,technician,A10,Upper Hill,-1.311202,36.814634,7,4.2,301,0.845,15,1260,False,+254773452536
P0145,Joyce Mohamed,technician,A19,Runda,-1.220009,36.806625,5,4.8,330,0.874,22,1007,True,+254745285401
P0146,Rotich Odhiambo,electrician,A12,Embakasi,-1.323622,36.89238,14,5.0,476,0.807,19,630,True,+254758540025
P0147,Joseph Ruto,technician,A14,Roysambu,-1.198042,36.880644,15,5.0,855,0.932,30,1336,False,+254790080151
P0148,Jane Wanjiru,technician,A21,Kileleshwa,-1.273235,36.790198,7,3.3,329,0.88,23,1141,True,+254799056102
P0149,Rotich Mutua,technician,A06,South B,-1.32145,36.814943,3,3.7,72,0.959,38,1667,True,+254738291314
P0150,Susan Langat,cleaner,A30,Athi River,-1.468362,37.007079,16,5.0,896,0.827,29,401,True,+254778899734
P0151,Esther Kariuki,cleaner,A24,Dagoretti,-1.302898,36.752931,8,4.8,480,0.747,12,887,False,+254792195665
P0152,Diana Kariuki,plumber,A03,Kilimani,-1.299509,36.788374,19,3.9,1292,0.983,27,504,False,+254764747075
P0153,Catherine Odhiambo,cleaner,A19,Runda,-1.21906,36.808167,15,3.9,1050,0.781,13,518,True,+254713477987
P0154,Wanjiku Waweru,plumber,A28,Kitengela,-1.476899,36.960583,14,3.6,952,0.867,11,712,True,+254776695398
P0155,Adhiambo Wanjiru,plumber,A09,Parklands,-1.259306,36.829537,17,4.6,476,0.866,44,863,False,+254732128802
P0156,Moses Otieno,electrician,A18,Muthaiga,-1.236172,36.844282,19,4.2,475,0.819,21,963,True,+254767275498
P0157,Halima Kariuki,cleaner,A14,Roysambu,-1.213324,36.857954,6,3.7,216,0.948,10,857,True,+254786200393
P0158,Diana Mwangi,technician,A21,Kileleshwa,-1.28297,36.766616,2,4.5,58,0.824,20,897,True,+254787243575
P0159,Charles Kimani,plumber,A08,Eastleigh,-1.276563,36.8629,17,4.0,884,0.737,35,1202,True,+254775553746
P0160,Njoroge Akinyi,cleaner,A12,Embakasi,-1.319614,36.900458,4,4.7,204,0.907,29,370,True,+254755462522
P0161,Joyce Wanjiru,cleaner,A24,Dagoretti,-1.301444,36.756457,12,4.0,924,0.762,41,473,True,+254757078144
P0162,Daniel Mukami,plumber,A10,Upper Hill,-1.283701,36.803014,9,4.7,693,0.987,20,819,True,+254763764429
P0163,Halima Wanjiru,technician,A04,Karen,-1.311594,36.705806,8,5.0,400,0.86,36,1660,True,+254737118831
P0164,Grace Mukami,technician,A07,South C,-1.318632,36.781856,5,4.3,280,0.755,23,984,True,+254750721565
P0165,Mary Ochieng,cleaner,A25,Ngong,-1.345402,36.669582,7,5.0,490,0.908,20,515,False,+254733185135
P0166,Simon Kimani,electrician,A10,Upper Hill,-1.284545,36.821501,14,3.9,1022,0.944,36,745,True,+254719713408
P0167,Peter Kamau,electrician,A18,Muthaiga,-1.239047,36.830687,13,4.9,338,0.874,24,561,True,+254789925281
P0168,Kipchoge Korir,carpenter,A23,Spring Valley,-1.272247,36.7353,19,3.6,1026,0.97,32,535,True,+254720809956
P0169,Susan Korir,cleaner,A01,CBD,-1.279373,36.828665,8,5.0,192,0.778,26,648,True,+254737677977
P0170,Thomas Korir,carpenter,A06,South B,-1.325679,36.811506,13,4.1,572,0.823,22,736,True,+254781691454
P0171,Michael Ali,plumber,A03,Kilimani,-1.29787,36.771599,15,4.9,510,0.924,30,1293,True,+254750717345
P0172,Ochieng Kimani,electrician,A02,Westlands,-1.259894,36.796652,14,5.0,1106,0.841,27,839,True,+254764930184
P0173,Halima Ruto,electrician,A08,Eastleigh,-1.283129,36.849829,7,4.4,427,0.726,35,946,True,+254784925549
P0174,Njoroge Cheruiyot,cleaner,A26,Rongai,-1.385961,36.747354,15,3.9,705,0.87,26,624,True,+254765774744
P0175,Auma Ruto,plumber,A15,Githurai,-1.187395,36.89935,19,5.0,969,0.725,21,1101,True,+254797130821
P0176,Abdi Ochieng,electrician,A20,Lavington,-1.274096,36.757864,19,4.5,855,0.8,13,1087,False,+254779231831
P0177,Thomas Wairimu,cleaner,A07,South C,-1.321132,36.802989,5,3.3,270,0.785,21,495,True,+254723773142
P0178,Michael Kiptoo,electrician,A08,Eastleigh,-1.282287,36.844486,5,5.0,145,0.888,35,859,True,+254735820316
P0179,Susan Kimani,cleaner,A15,Githurai,-1.196084,36.901156,13,5.0,702,0.821,18,815,True,+254770134381
P0180,Fatuma Langat,technician,A10,Upper Hill,-1.303674,36.816618,16,4.3,544,0.987,44,1558,True,+254734221744
P0181,Kipchoge Ali,carpenter,A08,Eastleigh,-1.285983,36.842261,2,4.1,106,0.796,32,664,True,+254757916642
P0182,Daniel Mohamed,electrician,A30,Athi River,-1.450424,36.986851,17,4.0,442,0.826,35,676,True,+254725930126
P0183,George Otieno,carpenter,A05,Langata,-1.346859,36.745886,14,3.4,322,0.755,5,885,True,+254744438795
P0184,Abdi Ali,plumber,A26,Rongai,-1.407716,36.7524,2,4.7,54,0.748,5,1313,False,+254723503561
P0185,Fatuma Kimani,electrician,A15,Githurai,-1.195468,36.886679,3,4.1,189,0.814,27,800,True,+254719433697
P0186,Wanjiku Langat,cleaner,A09,Parklands,-1.259849,36.809984,7,4.7,273,0.915,22,678,True,+254782946773
P0187,Abdi Odhiambo,technician,A02,Westlands,-1.2733,36.817332,17,4.3,816,0.789,39,794,True,+254761067614
P0188,Hassan Ali,electrician,A01,CBD,-1.269194,36.829377,18,4.1,918,0.944,5,1018,True,+254778671735
P0189,Hassan Mutua,carpenter,A01,CBD,-1.281145,36.806807,5,4.4,390,0.928,7,733,True,+254769640051
P0190,Susan Hassan,technician,A25,Ngong,-1.349406,36.65827,15,3.8,465,0.809,38,974,True,+254797251271
P0191,Auma Ruto,plumber,A30,Athi River,-1.458754,37.004152,19,3.9,570,0.908,25,588,True,+254780677457
P0192,Susan Akinyi,carpenter,A16,Ruiru,-1.139674,36.956392,5,4.1,135,0.856,15,760,True,+254717956206
P0193,Patrick Odhiambo,cleaner,A11,Industrial Area,-1.298218,36.849992,6,4.1,144,0.77,25,807,True,+254782086467
P0194,Rose Mohamed,plumber,A16,Ruiru,-1.158479,36.954798,19,4.8,779,0.813,40,627,True,+254771878053
P0195,Esther Ochieng,plumber,A03,Kilimani,-1.295888,36.78464,9,4.3,252,0.89,15,883,False,+254778374816
P0196,James Wairimu,technician,A13,Kasarani,-1.219995,36.884155,3,3.4,120,0.833,23,1053,False,+254757739705
P0197,Moses Hassan,plumber,A15,Githurai,-1.184159,36.908215,13,3.9,650,0.731,8,1250,True,+254791350628
P0198,Diana Kamau,cleaner,A25,Ngong,-1.366998,36.657289,6,4.7,216,0.916,42,519,True,+254759228900
P0199,Mary Langat,electrician,A18,Muthaiga,-1.249154,36.824128,2,2.9,158,0.957,25,823,False,+254728673780
P0200,Kipchoge Abdi,electrician,A16,Ruiru,-1.130766,36.953965,1,5.0,67,0.729,25,1047,False,+254755217168
